Bangla,Label,gpt_oss_fewshot_pred
একবার ফুড ব্লগারের রিভিউ দেখে মিরপুর খেতে গিয়ে ফালতু খাবার খেয়েছি,Negative,Negative
ভালো রিভিউ খুব একটা পাইলাম না,Negative,Negative
চুরাই মার্কেট,Negative,Neutral
শালা টাচ কাজ করে না,Negative,Negative
এই করিমউল্লাহ মার্কেট পুরাডাই যামেলা,Negative,Neutral
এগুলা মানুষ খাবার খায় এগুলা খাবার খাইয়া তো মানুষ একদিনে মরে যাওয়ার,Negative,Negative
অন্যদের পিছে লাথি মারা ভাইরাল টপিক দিয়ে ভিউ কামানো যায় সম্মান না,Negative,Negative
একেবারে খারাপ খাবার,Negative,Negative
কত নাটক,Negative,Negative
হাতের মধ্যে কোন গ্লাভস পড়ে নাই কিচ্ছু নাই হাতের যত ময়লা মুড়ির সাথে মাখিয়ে খাইয়ে দিল,Negative,Negative
কেমন করে হাত দিয়ে তুলে তুলে দিচ্ছে এসব দেখে কি মানুষ এর রুচি হবেচামুচ ব্যাবহার করুন,Negative,Negative
ওর মুখের থুতু আসতেছে সবাই থুতু খাচ্ছে ওরে কথা বলতে মানা করেন এমনি বানাইতে বলেন,Negative,Negative
এত নোংরা খাবার খেয়ো না,Negative,Negative
একদম নোংরা,Negative,Negative
এদের কে আইনের আওতায় আনা হক,Negative,Negative
দোকানে গেলে দাম বেশি চাই সাবধান,Negative,Negative
চাই না এই খাবার,Negative,Negative
ঠিকই বলছেন ভাই আমি দেখেছি মাঝে মাঝে বিমান থামিয়ে আপনার হোটেলের খাবার নিয়ে যায়,Negative,Positive
ভয়ংকর ফাঁদ,Negative,Negative
এই দোকান থেকে আমি মালামাল নিয়ে বাশ খাইছি,Negative,Negative
বগুড়া যে রাষ্ট্র আজকে প্রথম জানলাম এই চাপাবাজ চাচার থেকে,Negative,Negative
সাইটে তো কোন প্রডাক্টই পেলাম না,Negative,Negative
আমার ফোন পকেট থেকে চুরি করেছে,Negative,Negative
সব ভূয়াঅফিসে গিয়েও কল রিসিভ করে না,Negative,Negative
ভাই হাতে জোস না হাতে জীবানু আছে বাটপার,Negative,Negative
এ চালা এখানে সব ভিউ ব্যবসার খেলা,Negative,Negative
রাস্তা দখল করে আইন লঙ্ঘন,Negative,Negative
এতক্ষণ চাল ভিজিয়ে রাখলে নরম হয়ে যাবেনা,Negative,Negative
মানুষ নাকি পশুর খাবার,Negative,Negative
মানুষ আরব দেশে থেকেও পছন্দ করে না তেমন খায় না আর আমাদের দেশের মানুষ নাম শুনলেই পাগোল হয়ে যায়,Negative,Negative
বাটপার দোকানদার সব দুই নাম্বার মাল আমি একবার এনেছিলাম,Negative,Negative
তোর ভিডিও পুলিশরে দেখাইতাছি দাড়া তুই নিজেও এই দলে আছিস,Negative,Negative
আমার এসব দেখলে বমি আসে খাওয়া তো দূরের কথা,Negative,Negative
এই একজোড়া মাছের দাম ১৮৫০ টাকা চাইছে আমি হলে ৩০০ টাকা বলতাম এই মেয়েটা ৪০০ টাকা বেশি বলেছে,Negative,Negative
শরীরের ঘাম মাখানোর দাম কত,Negative,Neutral
এগুলো শুধু ভিডিও প্রচারের জন্য,Negative,Neutral
আমি কখনো এসব খাই নাই দেখেই কেমন লাগে,Negative,Neutral
খাওয়ার মান খুবই খারাপ,Negative,Negative
টাকা পেয়ে ভিডিও করে,Negative,Neutral
কোন লাভ নাই টাক হওয়া শুরু হইলে পৃথিবীর কোন চিকিৎসা কাজ করে না,Negative,Negative
পরিমাণ কম ছিল,Negative,Negative
ঢাকা সিটি ডাইনিং টেবিল,Negative,Neutral
অনলাইন তেল কিছুই কাজ করছে না,Negative,Negative
এত গুলা মাংস দিয়া ৩০ টাকা জিন্দা মুরগী দ্বারাই সম্ভব,Negative,Positive
খুব খারাপ খাবার,Negative,Negative
আমাদের দেশের মানুষের রুচি ছি,Negative,Negative
শুধু শুধু নাম্বার দেই ওদেরকে নক করলে ওনারা কিছু বলে না,Negative,Negative
খুবই অস্বাস্থ্যকর খুব হতাশাজনক,Negative,Negative
বিয়ে বাড়ির মানুষের খাওয়া উচ্ছিষ্ট অংশ এগুলা গুলশান বনানীর মানুষ বিএমডব্লিউ থুক্কু ডিএমডব্লিউ মার্সিডিজ গাড়ি থামিয়ে এই বাল থু,Negative,Negative
তোর এই জায়গায় কোনো ভালো মানুষ হইয়া মাল লয় আজ পর্যন্ত আমার চোখে পড়ে নাই,Negative,Negative
এগুলো তো মাস্টার কপি আর গুলিস্তানে এর দাম ৩ হাজার,Negative,Neutral
ফোন দিলে উল্টো পাল্টা কথা বলে,Negative,Negative
টোটকা ডাক্তারি করা লাগে,Negative,Negative
ফালতু ভিডিও,Negative,Negative
বালের বিরানি একদম বাজে,Negative,Negative
এই মাল দিয়া ব্যাবসা করলে ব্যাবসায় লাল বাতি১০০,Negative,Negative
সব বাটপার,Negative,Negative
চাপা আছে কইরে খাইতে পারবো,Negative,Negative
বিয়ের বাড়ির খাবার চুরি,Negative,Negative
পারফিউম বেশিক্ষণ টেকে না,Negative,Negative
ছবি ঝাপসা,Negative,Negative
এই দোকানের মালিক তো ডাকাত,Negative,Negative
এটা আসল জামদানী শাড়ি না,Negative,Negative
আপনি টেস্টি বোঝেন না,Negative,Negative
এইসব ১লাখে ১জন১লাখ আয় কে ১০লাখ লিখে চটকদার নিউজ করে ইয়ং জেনারেশন টাকে পড়াশোনা বিমুখ করছে এইসব হাম্বাদিক রা,Negative,Negative
বাহ ১ পিছ ৮০০৷টাকা হায়রে পাব্লিক,Negative,Neutral
মাদারচোদ এই ভিডিও দেখে সাভার থেকে গিয়েছিলাম থেকে হাড্ডি কিনতে আসে তোর কাছে কুত্তার বাচ্চা ৬০০ টাকার হাড্ডি ধরাই দিছে না এ,Negative,Negative
মরা মুরগীর চাইনিজ খাবার নাতো,Negative,Negative
দিন দিন মানুষের রুচি নিচে নামছে,Negative,Negative
নিজে গিয়ে ঠকেছি এক জিনিস দেখায় আরেকটা দেয়,Negative,Negative
ইমুতে নক করলে রিপ্লাই দেয় না,Negative,Negative
করিমুল্লা মার্কেট দেখি চুরিরদের জন্মদেয়,Negative,Negative
আমি খেতে পারি না কেন জানি আফসোস,Negative,Negative
রমজান সংজমের মাস ইফতার আর সাহেরি করতে হবে পাখিত মতো আর আমরা খাচ্ছি পশুর মতো,Negative,Negative
হালারা বাটপারি করে,Negative,Negative
দেখলেই কেমন লাগে খাওয়া তো দুরের কথা,Negative,Negative
আপনারা তো ফ্রি খেতে চলে যান,Negative,Negative
বাংলাদেশের সাংবাদিক এত খারাপ জানা ছিল না,Negative,Negative
গরম করার দরকার পড়েছে,Negative,Neutral
দামটা একটু বেশি মনে হচ্ছে কম হলে ভালো হতো,Negative,Negative
টাকা দিয়া মার্কিটি নিউজ দেখি সময় টিভি করে আমরাও ব্যবসা করে এত আহামরি কিছু না ভাই,Negative,Neutral
দোস হলো সাধারণ মানুষ এর তারা এসব খায় কেনো,Negative,Negative
তাদের তো ফোন দিলে ধরে না আবার গিয়ে কথা বললে বলে বুকিং ১৮ তারিখ পর্যন্ত,Negative,Negative
মাল্টি পালগটার কথাই বুঝেন ৪৫ টাকার মাল্টি দিয়ে কি চালাবেন ৫ বছর গ্যারান্টি,Negative,Negative
তুমি হাতে ক্লাপস লাগিয়ে খাওয়ার মাংস বিক্রি কর,Negative,Negative
ভাই মনে হচ্ছে কুকুর কে রুটি দিচ্ছে,Negative,Neutral
মিছা কথা কইলেন ভাই নাইকি বিএম ডাব্লিউ লোগো সহ যেই গেঞ্জি দেখাইলেন ১১০ টাকায় আমাদের দেশীদের কাছেই রাখেনা,Negative,Negative
৭৫ টাকা পিস কিনছিলাম,Negative,Neutral
পায়খানা পরিষ্কার করার খাবার,Negative,Negative
কথা আর কাজে একটুও মিল নেই দুই নাম্বারি,Negative,Negative
ভুলেও কেউ আবেগে পড়ে নিবেন না,Negative,Neutral
মানুষ কবে সচেতন হবে,Negative,Neutral
খাবার নষ্ট করা হচ্ছে এবং অস্বাস্থ্যকরভাবে পরিবেশন করা হচ্ছে,Negative,Negative
খাবারে তেল বেশি,Negative,Negative
আমি ফুসকা খাই না খেলে পেট খারাপ করে,Negative,Negative
এই ফোন যে কিনবে ও একটা মদন,Negative,Negative
ভয়ানক প্রতারনা মূলক কথা এসব সব পুরান ব্যবহৃত এমন কি মৃত মানুষের ব্যবহারের মাল,Negative,Negative
ছি ছি,Negative,Neutral
এই খাবার খেয়ে দুটা শিশু মারা গিয়েছে,Negative,Negative
আমি আপনার কাজে ইন্সপেয়ার হই কিন্তু আমরা ঘৃণা করি কিন্তু এটা ঠিক না আমার ৃমনমানসিকতস ঠিক নেই তার জন্য ঘৃণা করি,Negative,Negative
আরেকজনকে প্রমোট করলো হুদাই ফাউল ভিডিও,Negative,Negative
কি যে অবস্থা চলছে,Negative,Neutral
১২০০ ই বেশি ছিলো ভাই দামদরে এক্সপার্ট না,Negative,Negative
ভাই এরে বলে হাতদ গ্লোভস পরতে নাইলে চামচ ইউজ করতে এসব ভিডিও পৃথিবীর মানুষ দেখে খুব বিশ্রি ভাবে সে খাবার হাতায়,Negative,Negative
ওরা তিন হাজার টাকা বলে এনে তারপর হাইজ্যাক করেন সব লুটে নেয় এবং বাড়ি থেকে টাকা আনতে বলবে তাদের এটা প্ল্যান সাজানো,Negative,Negative
দেইখেন মামা আবার যেনো কুকুরের মাংসো না খাইয়ে দেয়,Negative,Negative
ফোনতে এখনি চলে না তারমধ্যে আবার নকল ফোন,Negative,Negative
৩০ টাকায় তোমারে মরা মুরগি ছাড়াতাজা মুরগি জবো করে খাওয়াবে মানুষ সস্তা পাইলে মাথায় আর হুশ থাকে না তুই খাচ্ছিস তুই খা ক্যানভাসারি করিস না,Negative,Negative
এটা ঝালমুড়ি না ঘামমুড়িএই দেশে চলবে,Negative,Neutral
গতবারের কট মামা বাহিরের ধুলাবালি মাখা ইফতারী কীল্লিগা মাইন্সে কিনে বুঝিইনাহ,Negative,Neutral
অনেকে এই ব্যক্তির শরীরের ঘাম কাশি ধুলাবালি কত কিছু নিয়ে কথা বলতেছেন আপনাদেরকে উদ্দেশ্য করে বলি আপনারা যে মেয়েরা লেপটিন থেকে বের হয়ে রান্না করেন তখন হাতে কি লেগে থাকে সেটা আগে ভাবছেন আপনারা যে এই বিষয়টা এত গুরুত্ব সহকারে বলতেছেন আপনাদের মাথায় কিছু নাই আশা করি বুঝতে পারছেন,Negative,Negative
দাম বেশি নিচ্ছে,Negative,Negative
দেখে মনে হচ্ছে বেবি অক্টোপাস গুলো পরিষ্কার করা না,Negative,Negative
ছিছিছি আহারে জীবন,Negative,Negative
হাঁস টা ভালো ভাবে পরিষ্কার হয়নি,Negative,Negative
সবই ঠিক আছে কিন্তু এভাবে হাতায় কেন তাও আবার গ্লাপ্স ছাড়া,Negative,Negative
মানুষের না খেয়ে মরে আর এখানে খাবারের অপচয় করছে,Negative,Negative
অসাস্থকর খাবার একে জরিমানা করা উচিত,Negative,Negative
খাবার খুব অস্বাস্থ্যকর ভাবে হচ্ছে বিশেষ করে ভারতের আর পাকিস্তান এন্ড বাংলাদেশে সরকার এদের এগেইনস্ট এ কোনো ব্যবস্থা নেই না,Negative,Negative
ভাই আমার মোবাইল চুরি হয়ে গিয়েছিল এক বছর আগে জিডি করেছিলাম কিন্তু এখনও কোনো খবর নেই মোবাইলটি ইবনে সিনার সামনে থেকে চুরি হয়েছে,Negative,Negative
কি দুনিয়া আসলো খাবার জিনিস নিয়ে কি ফিকা ফিকি করতেছে আজব,Negative,Negative
পচা মাল দেয় ভালো ব্র্যান্ডের দাম দেখায় না,Negative,Negative
ঝাল মুড়ি তো নাই যেনো হাত দিয়ে গু ভর্তা বানাচ্ছে,Negative,Negative
এই মুড়ি খায় কোন পাগলে,Negative,Negative
ঘৃণা লাগে মানসিক সমস্যা আছে,Negative,Negative
এটা কোনো কথা,Negative,Neutral
নিচে একটা সো আছে,Negative,Neutral
এটা তো ব্যবসা না ঢাকাতি চেয়ে অনেক বড়,Negative,Neutral
গরম খুব বেশি হয়,Negative,Neutral
এরা কি বলছে এসব নতুন কাপড়,Negative,Neutral
আপনার ভিডিও ব্যবহার করে আমরা ঠকছি এটা বন্ধের উপায়,Negative,Negative
আপনানার তো এত ডিটেইলস ইউটিউবে কেউ বুজিয়ে বলতে পারে নাই,Negative,Negative
তাই তোমাদের শূকর বলে,Negative,Negative
আবার সবাই বলে দেশে অভাব অভাবী মানুষ তো দেখি না ৫৫০০ টাকা কেজি উটের গোশত কিনে অভাবি লোক কি আর আছে এদেশে,Negative,Negative
ব্যবসা কর হোয়াটসঅ্যাপ বিল্লাল হওয়ার চেষ্টা করো না,Negative,Negative
আমার রে ভাই একটা নভা ৭ মোবাইল ইবনে সিনা থেকে নিছে,Negative,Neutral
শরীর দেখায় ভিউ ব্যবসা,Negative,Neutral
ভাই দোকান টা কোথায় ঠিকানাটা একটু বলবেন,Neutral,Neutral
খুবি ভালো উদ্যোগ দোয়া রইলো আপনার জন্য আপু,Neutral,Positive
এগুলো ১৮০০ টাকারই শাড়ি ৭০০০ গুলো পিউর সপুরা মসলিনের,Neutral,Neutral
পণ্য কি কিভাবে করতে হবে সেই সমন্ধে বিস্তারিত ভিডিও দেন,Neutral,Neutral
লোকেশন না দিলে আমরা যাবো কেমনে,Neutral,Neutral
ভাই কত,Neutral,Neutral
ভাই নেক্সট পার্ট নিয়ে আসেন,Neutral,Neutral
চিকেনটা কি রান্না করার ছিল নাকি,Neutral,Neutral
৪০ জন লোককে কত টাকা করে স্যালারি দেন,Neutral,Neutral
এরাবিয়ান খেপসা র রেসিপি দইয়েন,Neutral,Neutral
নম্বর কমেন্ট,Neutral,Neutral
সৌদি আরবে ৯৫ রিয়াল কেজি,Neutral,Neutral
ওনারে নিয়া কেন পড়ছেন ভাই কলার দোকানে যাইতে পারেন না যেখানে মিনিটেই কাঁচা কলা পাকা করা হয় নিজের চোখে দেখেন তারপর ও তো ঐ কলা নামক বিষ কিনে খান,Neutral,Negative
এমন সার্ভিস দেওয়া অনেক প্রতিষ্ঠান ফেসবুকে আছে,Neutral,Neutral
নতুন ইউজারদের জন্য রইল অনেক ভালোবাসা চেষ্টা করলে সকল নতুনদের একদিন সফলতা আসবেই,Neutral,Positive
ভাই আমি আই ফোন,Neutral,Neutral
তিসি কি বলবেন,Neutral,Neutral
বাদামের তেল ব্যবহার করা যাবে,Neutral,Neutral
যে হোটেলে দেখে কামাই করে তার গাড়ি বাড়ি এটা কোন ব্যাপার হলো,Neutral,Neutral
ভাই আপনার দেন,Neutral,Neutral
ভাইয়া আমি আইফোন বা ২০২৫ হাজারের মধ্যে পাবো,Neutral,Neutral
এটা কি চিটাগাং এ পড়ছে,Neutral,Neutral
আপু দোকান কোথায় খেতে আসবো,Neutral,Neutral
আসো দেখি আসি চাপাবাজরা মিথ্যেই বলছে নাকি সত্য,Neutral,Negative
ভান্ডারে হলে এমন মজা দেয়,Neutral,Positive
ঠিকানাটা ভালো করে দেন,Neutral,Neutral
ভিডিওটা বুঝলাম না,Neutral,Negative
অগনি অসতরো পাওয়া জাবে,Neutral,Neutral
আরও বেশি করে খাবে,Neutral,Positive
এখানে পিঠে খেতে হলে নিজেকেও বানাতে হবে,Neutral,Neutral
দাদা আপনার কথার দাম আছে কিন্তু আমি কিনতে চাই আপনার সাথে কিছু পার্সোনালি কথা বলতে পারি কি আপনাকে আমি জোর করছি না আমার মেসেজটি কে দেখলে একটু রিপ্লাই দেবেন ধন্যবাদ,Neutral,Neutral
ভাইয়া আমি নিতে চাই কিভাবে নিবো,Neutral,Neutral
আমার ছেলে বয়স অনুযায়ী লম্বা হচ্ছে না,Neutral,Negative
যেদিন সুখন এর মতো ইন্ডাস্ট্রি ধ্বংসকারী লোকের সাথে দেখছি উনারে ওইদিনই মনে হইছে যে কিছু একটা ঘাপলা আছে,Neutral,Negative
সেলারি কত দিবেন,Neutral,Neutral
মুরব্বী মুরব্বী,Neutral,Neutral
আসসালামু আলাইকুম ভাই এই চিকনি গুড়া মাছের তরকারির দোকান কোথায় ঠিকানা দিন,Neutral,Neutral
দাদা তোমার ফোন নাম্বার দাও,Neutral,Neutral
সার্ভিস ঠিকঠাক ছিল,Neutral,Positive
আমি কাজ করতে চাই বেতন কত দিবে,Neutral,Neutral
আমি মনে করি ৪০৫০ বানালো সেটা বড়ো কথা নয় বড়ো কথা হলো খাবারের মান কেমন সেদিকে খেয়াল করা উচিত,Neutral,
সকলে না বিকাকালে পান করবো আর খালি পেটে না বড়া পেটে,Neutral,Neutral
কোন কাজই ছোট না,Neutral,Positive
ভাইয়া আপনার বাড়ি কি চট্টগ্রামে,Neutral,Neutral
আমি ১ম শুনলাম লম্বা মিঠা,Neutral,Neutral
ভাই মাংস আাগে রান্না করা লাগবে নাকি কিছু বললেন নাতো,Neutral,Neutral
আসসালামু আলাইকুম ভাইয়া আমি আপনার ভিডিও সব সময় দেখি আমাকে একটু সাপোর্ট করেন না ভাইয়া,Neutral,Positive
এরকম ভিডিওতে লাইক দেয় কে মানুষের উন্নতি দেখলে এদের গা জ্বলে,Neutral,Negative
বাহ খুব সুন্দর রেসিপি খুবই ভালো লাগলো ভিডিওটা আর খেতে কেমন লাগে তা তো জানিনা,Neutral,Positive
ঠিক আছে ধন্যবাদ,Neutral,Positive
সমস্যা কোথায় আছে বিদায় সবাই জানে না থাকলে তো কুত্তা ও জানে না উনি কে উনি কে,Neutral,Negative
একটি টেবিলের ছবি পাটাও,Neutral,Neutral
মদনপুর থেকে কিভাবে সহজে যাওয়া যাই ওখানে,Neutral,Neutral
কাজ করতে আগ্রহী বিনা ছুটিতে,Neutral,Positive
সবজি গড়পড়তা,Neutral,Neutral
পৃথিবীর কোন খাবার এর পাশে নেই,Neutral,Neutral
গ্রাফিকস কার্ড সারা কি তে খেলতে পারবো,Neutral,Neutral
কি করে নিব,Neutral,Neutral
কবে বসে,Neutral,Neutral
পারফিউমটা খুব হালকা,Neutral,Neutral
বাজানো জিনিস ছাঁকে কেমনে,Neutral,Neutral
রেডি থাকো চাদা নিতে আইতাছে,Neutral,Neutral
এখানে কোথায় ভাই,Neutral,Neutral
আমি যদি একটা ক্যামেরা কিনি এখান থেকে ক্যামেরাটা কি ভালো হবে,Neutral,Neutral
যেখানে একজন আরেকজনকে টেনে নামায়,Neutral,Negative
আপনার লোকেশন কোথায়,Neutral,Neutral
বলছি ভাই আপনারা যে এই যে দামটা বলে দিছেন তয,Neutral,Negative
এটা কি,Neutral,Neutral
যেখানেই যায় কোনো বিষয় এত রঞ্জিত করে ফেলে সব শেষ হয়,Neutral,Negative
আচ্ছা আমাকে কোন ভাবে দত্তক নেওয়া যায় না সম্পত্তি দেওয়া লাগবে না শুধু আপনি যা রান্না করবেন আমাকে খাইতে দিলেই হবে,Neutral,Neutral
শুরুতে ভাবছিলাম ভারত পরে বুঝলাম বাংলাদেশ,Neutral,Neutral
ভুলে গেছি,Neutral,Negative
আমি থাকতে ইচ্ছুক,Neutral,Positive
সারাদেশ চুরি ডাকাতিতে ভরা শুধু ফুটপাতে বসে কেক বিক্রি করতে হলে যুধিষ্ঠির হতে হবে,Neutral,Negative
আবেহ হালায় লাভ কত হইছে সেটা জিগেশ কর,Neutral,Neutral
সার আমার ঠোঁটের উপর নিচে অনেক লোম পুরুষের মতো আমি কি করতে পারি,Neutral,Negative
মানিকগঞ্জে নিতে চাই কিভাবে নেব,Neutral,Neutral
দোকান কোথায় আপনার,Neutral,Neutral
খুব আলাদা লাগেনি,Neutral,Negative
মানুষের তামশা দেখে এই নিউজগুলা এরিয়েযাই,Neutral,Negative
আপনি কি দয়া করে বলবেন অনেক দেরিতে কেন চাল ফোটে,Neutral,Neutral
ফেইক নিউজ,Neutral,Negative
ঔঔঔঔঔ নন,Neutral,Neutral
এতো বাংলা খাওয়ায় ছাঁট,Neutral,Negative
এ কে না,Neutral,Neutral
ইনবক্স থেকে নেওয়া আমি ফাহমিদা আল নাইমের ওয়ার্কশপ মেম্বার আপনার সাথে কিছু কথা শেয়ার করি তাদের বিরুদ্ধে নেগেটিভ কিছু পাবেন না যখনই নেগেটিভ কিছু দেখবে তাড়া তা রিমুভ করে দেয়,Neutral,Neutral
আপুকাজটা করতে চাই,Neutral,Neutral
না আমি দেখবো না দেখলেই খাইতে মন চাই,Neutral,Positive
ভিডিও করবেন তো ঠিক আছে আবার আরেকজনের বদনামির কী আছে,Neutral,Neutral
একটা আমি নিমু,Neutral,Neutral
বাড়িতে করা যাবে এই ব্যবসা কত টাকা ইনভেস্ট লাগবে,Neutral,Neutral
ঠিকানা টা তো কেউ দিবেন প্লিজ,Neutral,Neutral
মুখ ঢাকার দরকার কি বোরকা পড়লেই তো পারেন,Neutral,Negative
আমারে চান্দা দেন,Neutral,Neutral
আমি দিনাজপুর কি জন্য থাকি এখনো একটাও খাওয়া হয়নি,Neutral,Negative
গরিবের ফুড ব্লগার,Neutral,Neutral
অনলাইনে বিক্রি করে,Neutral,Neutral
পরে হাসতে হাসতে হাগা পেয়ে গেলো,Neutral,Positive
আলাদা এক পিজ বিক্রি করেন,Neutral,Neutral
কি আপনার পার্সোনাল পেইজ বিশ্বাস করা যাবে,Neutral,Neutral
বাহ খালা যেই ছক্কা মারে আমি তো ক্যাচে দুর্বল ক্যাচ ধরতে না পারলে কি হবে জানাবেন আর ঠিকানাটা কোথায় কাইন্ডলি জানাবেন,Neutral,Neutral
হোপচাপা কম মারেন মীঞা,Neutral,Negative
আমি যা কমেন্ট করমু সবাই আগেই কইরা ফেলছে,Neutral,Negative
লোকেশন টা দিবেন,Neutral,Neutral
দর্জির কাছে প্যান্টশার্ট চাপানোর ভিডিও দিন,Neutral,Neutral
নাম কি জানা নেই বলে দিবে,Neutral,Neutral
কি মধুর সুর লা ইলাহা ইল্লাল্লাহু মুহাম্মাদুর রাসুলুল্লাহ,Neutral,Positive
বাঁকুড়া জেলা থেকে কিভাবে কিনবো,Neutral,Neutral
ভাইয়া ঠিকানা টা দেন ওনার,Neutral,Neutral
আপনার জাতীয় ফোন কয়টা,Neutral,Neutral
আপু আমার ছোট্ট পরিবারের পাশে থাকেন আর সাপোর্ট করেন,Neutral,Positive
আপনি আমাকে চাকরি দেন,Neutral,Positive
লোকেশন টা কোথায় ভাই,Neutral,Neutral
আপনার জন্য সবসময় দোয়া অন্তর থেকে,Neutral,Positive
অডার করার সুযোগ আছে,Neutral,Neutral
বাংলাদেশে কিছু ফকিন্নির পোলাপান আছে শুধু কিছু একটা শুনলাম মাত্র সে দোকানে যাই কারণ তারা জিন্দেগীতে খায় না তো সেজন্য একটু তারাও টেলিভিশন উঠবে স্যার এগুলো দেখবে সে জন্য যার কোন কিছু না,Neutral,Negative
তিসি দানা টা আবার কি,Neutral,Neutral
সেসে এটা কি বল্লো,Neutral,Neutral
ও ভালো বলছে ওরে একটা বিস্কুটু,Neutral,Positive
এ জায়গাটা কোথায়,Neutral,Neutral
কত কি করবেন আর বাকি কি আছে,Neutral,Neutral
দৌড় দেন,Neutral,Neutral
আমি কোরিয়ারের নিতে চাই,Neutral,Neutral
কে কিভাবে কেক বানাইতেছে সেটা বড় কথা নয় আসলে কেক মান সম্মত কিনা বা এতে কোনো ভেজাল আছে কিনা সেটা মুক্ষ্য বিষয় আসলে আমরা বাংগালী তো কেউ উপরে উঠতে চাইলে তাকে কিভাবে নিচে নামানো যায় সবাই সেই চিন্তা করে,Neutral,Negative
হাজার টাকার মধ্যে হলে ভালো হতো,Neutral,Negative
বিরিয়ানির জন্য মাংসটা কখন রান্না করল দেখতেই পেলাম না,Neutral,Negative
ভাইরাল হওয়ার জন্য যারা দুই নাম্বারি করে তাদের এমনি হওয়া উচিৎ,Neutral,Neutral
ভাইয়া এই স্ট্রিং এর নাম কি,Neutral,Neutral
যারা বেকার বেকার করে তাদের জন্য এই ভিডিও,Neutral,Negative
চুল বেঁধে রাখলে ভালো,Neutral,Positive
এই সেই জাইগা খারুুল কাকার রেস্টুরেন্ট,Neutral,Neutral
সবাই এসব করে না,Neutral,Neutral
ঠিকানাটা কোথায় বে,Neutral,Neutral
আরব দেশগুলোতে উঠের মাংস গরুর মাংসের চাইতো সস্তা,Neutral,Neutral
বিনা মেসো সেলার অ্যাকাউন্টে কি কি প্রোডাক্ট সেল করতে পারবো,Neutral,Neutral
তাহলে দোকানদার ভাই আপনি কয় তলা বাড়ি করছেন এই ব্যবসা করে,Neutral,Neutral
তিষি দানা কি,Neutral,Neutral
৫০ হাজার টাকার মধ্যে ভিডিও এডিটিং এর একটা পিসি সাজেস্ট করুন,Neutral,Neutral
আরেকজনের টিন সার্টিফিকেট দিয়ে ফেসবুক মনিটাইজেশন করলে হবে কি না বলবেন প্লিজ ভাই,Neutral,Neutral
ঠিকানা দেন,Neutral,Neutral
দোকানের নাম রাখছে ইন্ডিয়ার আর খাবার বানাইছে পাকিস্তানেরআর দোকান হলো বাংলাদেশের,Neutral,Negative
প্যাকেট খাবারও ক্ষতিকর এটাকে একা দোষ দেওয়া ঠিক না,Neutral,Neutral
আমি মূলত টেক্সট নাও একাউন্টের কাজ করছিলাম আমার এক আত্মীয় এই কাজটি দিয়েছিল সেই একটা ভায়ার সাথে কাজ করতো আমি অ্যাকাউন্ট খুলে তাকে পাসওয়ার্ড এবং মোবাইল নাম্বার দিতাম এর মাধ্যমে মূলত আমাকে প্রতি পিস একাউন্টে পাঁচ টাকা থেকে সাড়ে পাঁচ টাকা এরকম টাকা দিত এখন সে বলছে কাজ অফ রাখতে একাউন্ট সেল হচ্ছেনা আপনার কি জানা আছে কোথায় কিভাবে বিক্রি করে আর বায়ার পাব কোথায় আমাকে একটু এ বিষয়ে সম্পূর্ণ জানাবেন দয়া করে অনুরোধ রইলো,Neutral,Neutral
লোকেসন কোথায় ভাই,Neutral,Neutral
ভাইরে আমাদের ভারতে টাকা কেজি,Neutral,Neutral
দোকান বন্ধ ছিল,Neutral,Neutral
আপনার জন্য ভালোবাসা রইলো,Neutral,Positive
সবার জন্য ভালোবাসা,Neutral,Positive
জনপ্রতি কত টাকা,Neutral,Neutral
মানুষের খাই আর কাম নাই হাস বাচার আর কাটার কাজ করবো তুর হাস বাচতে আর কাটতে পারলে সে নিজে এ তো দোকান দিতে পারে তুমার কাজ করতো কা,Neutral,Neutral
বিসমিল্লাহ বলে দাঁড়িয়ে খাচ্ছেন,Neutral,Neutral
আমাকে রাখবেন আমার খুব একটা কাজের দরকার অনেক সমস্যায় আচি,Neutral,Negative
পাকিস্তানী কত কাজ করে,Neutral,Negative
ইউটিউবারব্লগাররা অতিমাত্রায় তোষামোদি সন্দেহ জেলাসি একটু থামুন আল্লাহর উপর ছেড়ে দিন,Neutral,Negative
যেমন দাম চাওয়ার সাইজ সেই তুলনায় প্রথমে বেশিই বলছে আপুটা ২০০দুইশ বলা লাগতো যাই হোক রাগের মাথায় যাই বলি ৪০০ সঠিক বলেছে উনি,Neutral,Negative
আপনার দোকান কোন জায়গা,Neutral,Neutral
আস্তে ধীরে লুফে নিতেন এত জোড়ে গেলে হবে,Neutral,Neutral
একনি সাবান কত টাকা পিস,Neutral,Neutral
ক্লিয়ার হলাম না ডেলিভারি চার্জ কতো ওনাদের অগ্রীম টাকা কি ডেলিভারি চার্জ এ মাইনাস করবে,Neutral,Neutral
ধন্যবাদ দাদা খুব ভালো লাগলোআমি এর ব্যবসা করতে চাই কোথা থেকে পাইকারি রেটে মাল কিনবো,Neutral,Positive
বাই পেছের গরুটা,Neutral,Neutral
এইতো আপু আমি তো আছিলাম একজন কারিগর লাগলে জানাইয়েন,Neutral,Neutral
এটা কথায়,Neutral,Neutral
আমি একটি ডিজিটাল বিজনেস এর ইনকাম এর বিষয়ে কাজের ব্যাপারে ভিডিও করি তাহলে কোন ক্যাটাগরি দিতে হবে,Neutral,Neutral
প্রাইস ২৫ হাজার হলে ঠিক ছিল,Neutral,Neutral
গেবাডিন পেন্ট কী এর আছে,Neutral,Neutral
আরেকটু বাড়িয়ে দেন,Neutral,Neutral
আমাদের দেশে যেটা বেশী ভাইরাল হয় সেটাই আবার দ্রুত ভাইরাস হয়ে যায়,Neutral,Negative
মামুন ভাই রাইন্দা ভাইরাস আপনার একলা একলা খাবেন এটা ঠিক আমাদেরকে দাওয়াত টা দিয়েন,Neutral,Negative
লাল শাড়িটির দাম কত,Neutral,Neutral
নদীর টাটকা ফ্রেশ ছোট বড় সকল প্রকারের মাছ দেশি মুরগী রাঁজহাঁস চীনা হাঁস পাতিহাঁস রেডি টু কুক করে ঘরে বসে পেতে আমাদের পেজট,Neutral,Positive
লম্বা মিটা আগে খাইছি অনেক,Neutral,Neutral
যারা জীবনে কেক খায় নাই তারাই যায় চাপাবাজের কেক খাইতে,Neutral,Negative
ঢাকা নাখি,Neutral,Neutral
চিনিগুড়া চাল দিয়ে করলে,Neutral,Neutral
কত বেতন দিবে আপনার আপু,Neutral,Neutral
খুব মনে রাখার মতো না,Neutral,Negative
আমাদের এখানেতো ৭৫০টাকা কেজি কাচা মাংস,Neutral,Neutral
পাইকারি রেটে পণ্য পাওয়া যাবে,Neutral,Neutral
মূল ব্যবসা রুপ সুন্দর দেখিয়ে বিউ পাওয়া,Neutral,Positive
কয়দিন ব্যবহার করতে হবে,Neutral,Neutral
কতো দিন খাতে হবে একটু জানাবেন,Neutral,Neutral
ভাই আমি যদি ইলেকট্রিক বাইক এবং ব্যাটারী অর্ডার করি তবে কি পাবো জানাবেন,Neutral,Neutral
ঠিকানা কোথায় আপনার,Neutral,Neutral
জি উনিও নিজের কোর্স চালু করেছেন সাংবাদিক সাহেব যে ২০ হাজার পেয়েছেন ওটা দিয়ে কক্সবাজার বেড়িয়ে আসুন,Neutral,Negative
জায়গাটা কোথায়,Neutral,Neutral
এ নেওয়া যাবে,Neutral,Neutral
আমি চিনিনা,Neutral,Neutral
ভাইরাল হলেই তো ব্যবসা শেষ,Neutral,Negative
খুসকির জন্য কি করবো,Neutral,Neutral
অনলাইনে কেউ ডেলিভারি দিতে পারবেন এটা,Neutral,Neutral
প্রজেক্টর লাইট আছে দাম কত,Neutral,Neutral
এই দোকান কোন জেলায়,Neutral,Neutral
স্যাম ভাই হাজারের মধ্যে ভালো ফোন কোনটি হবে রিয়ালমি নারজো নাথিং ফোন সিএম এফ ফোন টু প্রো কোনটা ভালো হবে একটা রিভিউ দেন,Neutral,Neutral
ভাইয়ের যে কথাটি আমার বেশি ভালো লেগেছে সেটা হচ্ছে যে রিস্ক নিতে গেলে প্রথমে পরিবার থেকে বাধা আসে,Positive,Neutral
৩০০ টাকা দিয়ে এই কাচ্চি না খেয়ে কাচ্চি ভাই থেকে কাচ্চি খাওয়া অনেক ভালো,Positive,Positive
কাকড়া গুলো কিন্তু রান্না অনেক লবণেও দেখা যাইতেছে সত্যি পড়াশোনা পাশাপাশি যদি এরকম বিজনেস করে তাহলে অনেক ভালো আমি দোয়া করি আপু আপনার জন্য,Positive,Positive
দারুন ব্যবসা,Positive,Positive
অনেক সুন্দর হয়েছে আপু,Positive,Positive
এইজন্য কষ্ট হলেও ঘরে বানিয়ে খাই,Positive,Positive
পণ্য দেখে সন্তুষ্ট,Positive,Positive
আমার তো লোভ লেগে গেলো,Positive,Negative
খুব সুন্দর আপুএগিয়ে যান,Positive,Positive
খুব সুন্দর হয়েছে আপু,Positive,Positive
আমার অনেক পছন্দ এই পাতিল কই থেকে নিলে,Positive,Positive
এতো গুলো কেক তৈরি সম্ভব নয় কারণ সম্ভবত এগুলো কারখানায় তৈরি করে এনে এভাবে বিক্রি করছে কি সন্দেহ আপু দেখতে আলহামদুলিল্লাহ ভালো কিন্তু এতো গুলো কেকের ঠেলায় এই চেহারা ধরে রাখা সম্ভব নয়,Positive,Negative
আপু অনেক সুন্দর রান্না,Positive,Positive
আমার পছন্দের আমাকে একটু দিও,Positive,Neutral
প্যাকেট খুলেই ভালো গন্ধ পেয়েছি,Positive,Positive
খুব ভাল লাগল দিদিভাই,Positive,Positive
হাঁসের দোকানে পাশের দোকান দুধ চা পাওয়া যায় ঈদের চা খেতে খেতে আপনার দিকে তাকিয়ে থাকে,Positive,Neutral
রান্নাটা অসাধারণ,Positive,Positive
ইশশ কিজে সুন্দর গুরা চিংড়ি,Positive,Positive
ভাই আমার দেখে তো খাওয়ার রুচি চলে আসছে এখন কি করব বলেন,Positive,Positive
স্যুপ খেতে হলে ভাই ভাবির দোকানে আই,Positive,Neutral
আমি গিয়েছি কয়েক বার খুব অল্প টাকার মধ্যে অসাধারণ আর মজার সব খাবার পাওয়া যায়,Positive,Positive
অনলাইন জগতের সেরা ক্রিকেটার হিমেল ভাই,Positive,Positive
টেকনাফ থেকে বলছি কোয়ালিটি ভালো সামনে ভালো করার জন্য,Positive,Positive
ওর চেহারায় হাসির পেছনে হয়তো প্রতারণা থাকতে পারে যাচাই করা দরকার বিষয়টি এরা কোন বেকারি থেকে এসব নিতে পারে সেটা প্রকাশ করুক এবং ভালো সেল করুক কিন্তু প্রতারণার আশ্রয় নিয়ে বিক্রি নয়,Positive,Negative
পরিশ্রম করলে কখনো বিফল হয় না,Positive,Positive
লোভনীয় লাগছে,Positive,Positive
ব্যবহার করে সন্তুষ্ট,Positive,Positive
উনি ব্যাবসা করে আয় রোজগার করছেন সংসারে দুটো সন্তান আছে তাদের ভবিষ্যত আছে পড়ালেখা করে প্রতিস্ঠিত হতে টাকার প্রয়োজন উনার বিরু,Positive,Neutral
সব রান্না অনেক সুন্দর হয়েছে আপু,Positive,Positive
মাসাআল্লাহ আলহামদুলিল্লাহ,Positive,Positive
কিসের গরুল কালা ভুনা আর কিসের চুইজাল বালগালির এই খাবার হলে আর কি লাগে,Positive,Positive
আল্লাহ ওকে সুন্দর চরিত্র করে দিবেন জীবনে সকল কিছুতে বারকা দান করবেন ইনশাআল্লাহ,Positive,Positive
এগুলো খেলে তার অসুখের অভাব হবেনা,Positive,Negative
দামে সস্তা আর গুণে ভরপুর,Positive,Positive
দেখে মনে হচ্ছে খাবারগুলো খুব মজাদার,Positive,Positive
ধারুন দেখতে,Positive,Positive
অনেক সুন্দর কথা বলেছেন আপু,Positive,Positive
ভাই আমার এই ছোট চিংড়ি অনেক প্রিয়,Positive,Positive
ওয়াও চমৎকার একটা খাবারের তালি,Positive,Positive
অনেক মজা করে খাচ্চো,Positive,Positive
ভাইয়া আপনার রেসিপি আমি সব সময় দেখি আমার অনেক বেশি ভালো লাগে অনেক পছন্দ হয় আপনার ভিডিওগুলো আর আপনার ভয়েসটা অনেক সুন্দর মাশাল্লাহ,Positive,Positive
মাশাআল্লাহ ভাই হুব সুন্দর লাগছে,Positive,Positive
গুড ডিসিশন মহিলার বুদ্ধি আছে,Positive,Positive
ধন্যবাদ কেমন আছেন,Positive,Positive
তাও খাব আমি,Positive,Neutral
কি সুন্দর পরিবেশ আর ভাইর শরীর থেকে স্পেশাল বিট লবণ পরতেছে সেই স্বাদ,Positive,Positive
আমি এক বাটি নিব গরু,Positive,Neutral
ধন্যবাদ সবাইকে ভালো লাগলো,Positive,Positive
অসাধারণ হয়েছে রান্না,Positive,Positive
ভালো হইছে দেখতেই মনে হয়,Positive,Positive
দাদা এখানে মোবাইল ফোন গুলি ওরিজনাল জিনিস,Positive,Positive
খুবই ফ্রেশ এবং স্বাস্থ্যকর খাবার,Positive,Positive
সেই স্বাদ হবে,Positive,Neutral
আপু ইনশাল্লাহ দেশে আসলে পিটে খাবার আসব আমাদের কি খাওয়াবেন,Positive,Neutral
অনেক সুন্দর রেসিপি দেখলেই মন ভরে যায়,Positive,Positive
দিবেন দিবেন আপু,Positive,Neutral
আল্লাহ এই মোয়াজ্জিনকে আরো বরকত বাড়িয়ে দাও,Positive,Positive
আল্লাহ ওনার ব্যবসায় বরকত দেক,Positive,Positive
কালকে কিনতে যাবো,Positive,Neutral
সঠিক কথা বলছে,Positive,Positive
মুয়াজ্জিন সাহেবকে আল্লাহতালা নেক হায়াত দান করুক আমিন,Positive,Positive
শব্দের মান পরিষ্কার,Positive,Positive
নতুন স্বাদ কিন্তু অসাধারণ,Positive,Positive
উনি প্রকৃত শেফ,Positive,Positive
দারুণ হয়েছে,Positive,Positive
আমি ভারত কোলকাতা থেকেআমি নতুন ইসলাম ধর্ম গ্রোহন করতে চলেছি,Positive,Neutral
মাশাল্লাহ মাশাল্লাহ অনেক সুন্দর হয়েছে,Positive,Positive
অসাদারন চিংরি ভুনা ছিলো,Positive,Positive
ভিডিও গুলো দেখলেই মন ভরে যায়,Positive,Positive
মা ছেলে রান্নাঘর দারুণ,Positive,Positive
এই পারফিউম দৈনন্দিন ব্যবহারের জন্য ভালো,Positive,Positive
লোভনীয় অনেক,Positive,Positive
খাওয়ার পর মেজাজ ভালো হয়ে গেলো,Positive,Positive
অনেক সুন্দর চায়ের দোকান খেতে বেশ ভালোই মজা,Positive,Positive
খুব মজাদার ভর্তা দেখে অনেক লোভ লেগে যাচ্ছে,Positive,Positive
এইভাবে বানাইলে সাত বাড়ে,Positive,Neutral
অসাধারণ প্রতিভা,Positive,Positive
খুব বাস্তব ভিডিও,Positive,Positive
আপনার কথা গুলো আমাদের মন এ সাহস বাড়িয়ে দিলো আপনাকে অসখ্যা ধন্যবাদ,Positive,Positive
ভাই খাবার জিনিসের সামনে যদি দোকান হয় তাহলে অত্যন্ত জরুরী একটা মাক্স পড়তে হবে,Positive,Neutral
আমার ছেলে খুব পছন্দ করে,Positive,Positive
আমরা ব্রাহ্মণবাড়িয়া ছেলে রা কিন্তুু বাজারে মেয়ে পছন্দ করি না,Positive,Negative
এগুলো পাইকারি মার্কেটডিলার পয়েন্ট তাই দাম কম চোর বাজার না,Positive,Positive
দারুন মজার তরকারি হাঁসের মাংস,Positive,Positive
টিক বলচো আপু,Positive,Neutral
ভাই যেদিন সুলায়মান সুখনের মত একজন মার্কেটিং করছে তখনই বোঝা যায়,Positive,Neutral
আমার বিয়েতে এখান থেকে কিছু গিফট করিও কি সুন্দর সব,Positive,Positive
যেখানে ১ কেজি কাচা মাংস ৮০০ টাকায় পাওয়া যাচ্ছে না আর উনি রান্না করা মাংস এতো কম দামে খাওয়াচ্ছেন আল্লাহ উনার ব্যাবসায় বরকত দান করুন,Positive,Positive
খুবই খুবই অসাধারণ ভিডিও,Positive,Positive
আমার খুভ পছন্দের অনেক টেস্টি হয়,Positive,Positive
দারুণ গাড়িগুলো,Positive,Positive
সুন্দর রান্না হয়েছে,Positive,Positive
পরিমাণও যথেষ্ট বেশি,Positive,Neutral
চোপ খেতে আসবো একদিন ভাই ভাই আসবো,Positive,Positive
চিংড়ি আমার প্রিয়,Positive,Positive
আমারো ভালো লাগে,Positive,Positive
সম্পূর্ণ হাতের স্পর্শ ছাড়া তৈরি,Positive,Neutral
এই খাবার মনে থাকবে অনেকদিন,Positive,Positive
ঠিক কাজ অনেক সুন্দর ফুলের ছবি,Positive,Positive
আমি নিব ভাই,Positive,Positive
খুব সুন্দর লাগছে শাড়ি গুলো দেখতে,Positive,Positive
স্যালুট বস,Positive,Positive
এরকম সুন্দরী দোকানদার থাকলে ক্রেতার অভাব পরবে না,Positive,Positive
সেই মজার রেসিপি,Positive,Positive
জিবে জল এসে গেলো,Positive,Positive
জাস্ট দারুন অসাধারণ ভিডিও দিয়েছেন ধন্যবাদ,Positive,Positive
ভাই মাসা আল্লাহ,Positive,Positive
অনেক সুন্দর উপদেশ,Positive,Positive
দামে বেশ সাশ্রয়ী,Positive,Positive
সঠিক অনেক মজাদার ঘরোয়া খাবার,Positive,Positive
আলহামদুলিল্লাহ জীবনে প্রথম বার করছি প্রমেই অনেক সুন্দর হইছে,Positive,Positive
খাটি বাঙ্গালিয়ানা,Positive,Positive
এই খাবার প্রত্যাশার চেয়ে ভালো,Positive,Positive
কিভাবে সম্ভব ৮০০ টাকা কেজি টাকা করে যেখানে কাচা মাংস ৭০০ টাকা কেজি সেইখানে নিজে গরু কিনে যবাই করে কেটে আবার নানা রকমের মশলা কিনে রান্না করে আবার পার্সেল বক্সে তারপর বিক্রি করে ৮০০ টাকা কেজি এটা আসলেই অসাধারণ মাশাআল্লাহ,Positive,Positive
রেস্টুরেন্ট থেকে এনে দেওয়ার চেয়ে ঘরে বানিয়ে খেলেই ভীষণ মজা লাগে,Positive,Positive
অবশ্যই ভাইয়া ট্রাই করে দেখো এইজন্য আপনার সম্পূর্ণ ভিডিওটা দেখলাম ভালো থাকবেন,Positive,Positive
ওয়াও খুব সুন্দর জিনিস,Positive,Positive
অনেক লোভনীয়,Positive,Positive
আমি আগে বিভিন্ন রেস্টুরেন্টে কিছেনে কাজ করেছি আমি করতে পারি চট্টগ্রাম হলে,Positive,Neutral
দেখলেই খেতে ইচ্ছে করে,Positive,Positive
ম্যাক্সানের জন্য ম্যাক্স মুভির নায়কের সান গ্লাস,Positive,Neutral
মজার রেসিপি ভিডিও,Positive,Positive
অনেকদিন পর ভিডিও মিস করি,Positive,Negative
হেডিং ঠিক বলছেন,Positive,Positive
দামটা সহনীয়,Positive,Neutral
