Bangla,Label,p_neg,p_neu,p_pos,pred,confidence,gpt_oss_pred,hybrid_pred,routed
আপনারা তো ফ্রি খেতে চলে যান,Negative,0.9330756,0.059002005,0.00792246,Negative,0.9330756,Negative,Negative,False
চাই না এই খাবার,Negative,0.9502939,0.03181353,0.017892575,Negative,0.9502939,Negative,Negative,False
অনলাইনে বিক্রি করে,Neutral,0.00986895,0.91862494,0.07150615,Neutral,0.91862494,Neutral,Neutral,False
তাও খাব আমি,Positive,0.019752806,0.34294015,0.6373071,Positive,0.6373071,Neutral,Neutral,True
চুরাই মার্কেট,Negative,0.96343267,0.029014949,0.007552412,Negative,0.96343267,Neutral,Negative,False
এইতো আপু আমি তো আছিলাম একজন কারিগর লাগলে জানাইয়েন,Neutral,0.0094440915,0.95321107,0.03734491,Neutral,0.95321107,Neutral,Neutral,False
খুব বাস্তব ভিডিও,Positive,0.0050303354,0.01382723,0.98114246,Positive,0.98114246,Positive,Positive,False
টাকা পেয়ে ভিডিও করে,Negative,0.16180658,0.7975364,0.040657073,Neutral,0.7975364,Neutral,Neutral,False
প্যাকেজিং সুন্দর ছিল,Positive,0.0042713485,0.013853858,0.98187476,Positive,0.98187476,Positive,Positive,False
কেমন করে হাত দিয়ে তুলে তুলে দিচ্ছে এসব দেখে কি মানুষ এর রুচি হবেচামুচ ব্যাবহার করুন,Negative,0.94716567,0.045401283,0.0074330335,Negative,0.94716567,Negative,Negative,False
বাংলাদেশের সাংবাদিক এত খারাপ জানা ছিল না,Negative,0.2749514,0.63419807,0.09085059,Neutral,0.63419807,Negative,Negative,True
ভাই আমার দেখে তো খাওয়ার রুচি চলে আসছে এখন কি করব বলেন,Positive,0.718239,0.23539591,0.04636508,Negative,0.718239,Positive,Positive,True
কথা আর কাজে একটুও মিল নেই দুই নাম্বারি,Negative,0.96549684,0.027094299,0.0074088154,Negative,0.96549684,Negative,Negative,False
এরকম ভিডিওতে লাইক দেয় কে মানুষের উন্নতি দেখলে এদের গা জ্বলে,Neutral,0.93951446,0.05324236,0.0072431606,Negative,0.93951446,Negative,Negative,False
মিছা কথা কইলেন ভাই নাইকি বিএম ডাব্লিউ লোগো সহ যেই গেঞ্জি দেখাইলেন ১১০ টাকায় আমাদের দেশীদের কাছেই রাখেনা,Negative,0.91072303,0.08022815,0.009048845,Negative,0.91072303,Negative,Negative,False
আপনানার তো এত ডিটেইলস ইউটিউবে কেউ বুজিয়ে বলতে পারে নাই,Negative,0.024100065,0.9260915,0.04980846,Neutral,0.9260915,Negative,Neutral,False
খুব সুন্দর লাগছে শাড়ি গুলো দেখতে,Positive,0.0051092375,0.0109456135,0.9839452,Positive,0.9839452,Positive,Positive,False
আপুকাজটা করতে চাই,Neutral,0.013024798,0.7638607,0.22311452,Neutral,0.7638607,Neutral,Neutral,False
ভাই আমি যদি ইলেকট্রিক বাইক এবং ব্যাটারী অর্ডার করি তবে কি পাবো জানাবেন,Neutral,0.0128287,0.9735902,0.013581069,Neutral,0.9735902,Neutral,Neutral,False
আমি হাতিয়া চেয়ারম্যানঘাটে খাইছিলাম আসলেই অনেক অনেক মজা,Positive,0.0055797608,0.012735716,0.9816845,Positive,0.9816845,Positive,Positive,False
দামটা একটু বেশি মনে হচ্ছে কম হলে ভালো হতো,Negative,0.7316762,0.24181883,0.026504979,Negative,0.7316762,Negative,Negative,True
সব রান্না অনেক সুন্দর হয়েছে আপু,Positive,0.0050160033,0.011126351,0.9838576,Positive,0.9838576,Positive,Positive,False
আপনার দোকান কোন জায়গা,Neutral,0.009624411,0.9774026,0.012972979,Neutral,0.9774026,Neutral,Neutral,False
কি আপনার পার্সোনাল পেইজ বিশ্বাস করা যাবে,Neutral,0.01509495,0.97217673,0.012728273,Neutral,0.97217673,Neutral,Neutral,False
খুব মজাদার ভর্তা দেখে অনেক লোভ লেগে যাচ্ছে,Positive,0.0049882694,0.011130508,0.98388124,Positive,0.98388124,Positive,Positive,False
সুন্দর রান্না হয়েছে,Positive,0.004730017,0.01207594,0.9831941,Positive,0.9831941,Positive,Positive,False
প্যাকেট সিল করা,Positive,0.86462563,0.12539916,0.00997524,Negative,0.86462563,Neutral,Negative,False
ও ভালো বলছে ওরে একটা বিস্কুটু,Neutral,0.0044712946,0.02787686,0.9676519,Positive,0.9676519,Positive,Positive,False
এই রেস্টুরেন্টের সব খাবারই ভালো লাগে,Positive,0.0052711153,0.014253263,0.9804756,Positive,0.9804756,Positive,Positive,False
আল্লাহ ওনার ব্যবসায় বরকত দেক,Positive,0.005252376,0.027978498,0.9667691,Positive,0.9667691,Positive,Positive,False
আমি কাজ করতে চাই বেতন কত দিবে,Neutral,0.008511551,0.9599217,0.031566776,Neutral,0.9599217,Neutral,Neutral,False
শরীরের ঘাম মাখানোর দাম কত,Negative,0.9361109,0.057268392,0.0066207354,Negative,0.9361109,Neutral,Negative,False
রমজান সংজমের মাস ইফতার আর সাহেরি করতে হবে পাখিত মতো আর আমরা খাচ্ছি পশুর মতো,Negative,0.15093823,0.7512699,0.09779187,Neutral,0.7512699,Negative,Negative,True
লোভনীয় অনেক,Positive,0.0045350264,0.015388152,0.98007685,Positive,0.98007685,Positive,Positive,False
মানুষ কবে সচেতন হবে,Negative,0.8948891,0.09546236,0.0096485885,Negative,0.8948891,Negative,Negative,False
ভাই আপনার দেন,Neutral,0.017246574,0.9470214,0.035731968,Neutral,0.9470214,Neutral,Neutral,False
ঢাকা নাখি,Neutral,0.019650083,0.96604806,0.014301883,Neutral,0.96604806,Neutral,Neutral,False
সবার জন্য ভালোবাসা,Neutral,0.0075997,0.06533166,0.9270686,Positive,0.9270686,Positive,Positive,False
খাবারে তেল বেশি,Negative,0.9494707,0.04377554,0.006753745,Negative,0.9494707,Negative,Negative,False
টেকনাফ থেকে বলছি কোয়ালিটি ভালো সামনে ভালো করার জন্য,Positive,0.0049642106,0.01833869,0.9766971,Positive,0.9766971,Positive,Positive,False
কিসের গরুল কালা ভুনা আর কিসের চুইজাল বালগালির এই খাবার হলে আর কি লাগে,Positive,0.33344826,0.62486523,0.041686475,Neutral,0.62486523,Positive,Positive,True
চিংড়ি আমার প্রিয়,Positive,0.0049616233,0.026747108,0.9682912,Positive,0.9682912,Positive,Positive,False
মানুষের তামশা দেখে এই নিউজগুলা এরিয়েযাই,Neutral,0.5883311,0.39106584,0.020603057,Negative,0.5883311,Negative,Negative,True
অনলাইনে কেউ ডেলিভারি দিতে পারবেন এটা,Neutral,0.009677828,0.9762992,0.014023009,Neutral,0.9762992,Neutral,Neutral,False
পৃথিবীর কোন খাবার এর পাশে নেই,Neutral,0.06842597,0.2879695,0.6436046,Positive,0.6436046,Neutral,Neutral,True
ভাইরাল হওয়ার জন্য যারা দুই নাম্বারি করে তাদের এমনি হওয়া উচিৎ,Neutral,0.88548243,0.103160016,0.011357539,Negative,0.88548243,Negative,Negative,False
খুব মনে রাখার মতো না,Neutral,0.54303294,0.42908064,0.027886441,Negative,0.54303294,Negative,Negative,True
অবশ্যই ভাইয়া ট্রাই করে দেখো এইজন্য আপনার সম্পূর্ণ ভিডিওটা দেখলাম ভালো থাকবেন,Positive,0.004873224,0.016709594,0.97841716,Positive,0.97841716,Positive,Positive,False
তোর ভিডিও পুলিশরে দেখাইতাছি দাড়া তুই নিজেও এই দলে আছিস,Negative,0.8961488,0.09481107,0.009040119,Negative,0.8961488,Negative,Negative,False
বিনা মেসো সেলার অ্যাকাউন্টে কি কি প্রোডাক্ট সেল করতে পারবো,Neutral,0.009463744,0.97573745,0.0147987595,Neutral,0.97573745,Neutral,Neutral,False
আমি গিয়েছি কয়েক বার খুব অল্প টাকার মধ্যে অসাধারণ আর মজার সব খাবার পাওয়া যায়,Positive,0.004367685,0.013840811,0.9817915,Positive,0.9817915,Positive,Positive,False
আবার সবাই বলে দেশে অভাব অভাবী মানুষ তো দেখি না ৫৫০০ টাকা কেজি উটের গোশত কিনে অভাবি লোক কি আর আছে এদেশে,Negative,0.02231992,0.8882308,0.08944928,Neutral,0.8882308,Negative,Neutral,False
মা ছেলে রান্নাঘর দারুণ,Positive,0.004424999,0.015908264,0.9796667,Positive,0.9796667,Positive,Positive,False
মানিকগঞ্জে নিতে চাই কিভাবে নেব,Neutral,0.006708295,0.96852475,0.02476697,Neutral,0.96852475,Neutral,Neutral,False
অসাধারণ অসাধারণ,Positive,0.005311427,0.015995784,0.9786928,Positive,0.9786928,Positive,Positive,False
ঠিক আছে ধন্যবাদ,Neutral,0.0053070486,0.03201355,0.9626794,Positive,0.9626794,Positive,Positive,False
মুরব্বী মুরব্বী,Neutral,0.038823444,0.9310711,0.030105427,Neutral,0.9310711,Neutral,Neutral,False
দিন দিন মানুষের রুচি নিচে নামছে,Negative,0.9580104,0.033779588,0.008210011,Negative,0.9580104,Negative,Negative,False
ইশশ কিজে সুন্দর গুরা চিংড়ি,Positive,0.005406642,0.015416301,0.97917706,Positive,0.97917706,Positive,Positive,False
আলহামদুলিল্লাহ জীবনে প্রথম বার করছি প্রমেই অনেক সুন্দর হইছে,Positive,0.0046824315,0.013353727,0.9819639,Positive,0.9819639,Positive,Positive,False
ভাইরে আমাদের ভারতে টাকা কেজি,Neutral,0.018329944,0.96915483,0.012515287,Neutral,0.96915483,Neutral,Neutral,False
অনেক সুন্দর হয়েছে আপু,Positive,0.0045953942,0.011939824,0.9834647,Positive,0.9834647,Positive,Positive,False
জনপ্রতি কত টাকা,Neutral,0.011587649,0.9732774,0.015134988,Neutral,0.9732774,Neutral,Neutral,False
দামটা সহনীয়,Positive,0.18117706,0.8037144,0.015108575,Neutral,0.8037144,Positive,Neutral,False
আমি থাকতে ইচ্ছুক,Neutral,0.008079624,0.8245733,0.16734709,Neutral,0.8245733,Positive,Positive,True
গুড ডিসিশন মহিলার বুদ্ধি আছে,Positive,0.004162886,0.014579425,0.9812577,Positive,0.9812577,Positive,Positive,False
দামে বেশ সাশ্রয়ী,Positive,0.0071829814,0.03371369,0.9591033,Positive,0.9591033,Positive,Positive,False
আমি একটি ডিজিটাল বিজনেস এর ইনকাম এর বিষয়ে কাজের ব্যাপারে ভিডিও করি তাহলে কোন ক্যাটাগরি দিতে হবে,Neutral,0.008843624,0.9473358,0.0438206,Neutral,0.9473358,Neutral,Neutral,False
ভাই নেক্সট পার্ট নিয়ে আসেন,Neutral,0.018133886,0.70921487,0.27265126,Neutral,0.70921487,Neutral,Neutral,True
দাদা আপনার কথার দাম আছে কিন্তু আমি কিনতে চাই আপনার সাথে কিছু পার্সোনালি কথা বলতে পারি কি আপনাকে আমি জোর করছি না আমার মেসেজটি কে দেখলে একটু রিপ্লাই দেবেন ধন্যবাদ,Neutral,0.015721321,0.77026397,0.21401477,Neutral,0.77026397,Positive,Neutral,False
খাওয়ার মান খুবই খারাপ,Negative,0.971723,0.020690301,0.007586704,Negative,0.971723,Negative,Negative,False
ফোনতে এখনি চলে না তারমধ্যে আবার নকল ফোন,Negative,0.94304377,0.048054315,0.00890198,Negative,0.94304377,Negative,Negative,False
সঠিক কথা বলছে,Positive,0.007707093,0.027622825,0.96467006,Positive,0.96467006,Positive,Positive,False
এইসব ১লাখে ১জন১লাখ আয় কে ১০লাখ লিখে চটকদার নিউজ করে ইয়ং জেনারেশন টাকে পড়াশোনা বিমুখ করছে এইসব হাম্বাদিক রা,Negative,0.38108265,0.5867384,0.032178983,Neutral,0.5867384,Negative,Negative,True
সেলারি কত দিবেন,Neutral,0.012446605,0.9725524,0.015001019,Neutral,0.9725524,Neutral,Neutral,False
আপনার জন্য সবসময় দোয়া অন্তর থেকে,Neutral,0.008075588,0.044261713,0.9476627,Positive,0.9476627,Positive,Positive,False
আমার পছন্দের আমাকে একটু দিও,Positive,0.011346199,0.318441,0.6702128,Positive,0.6702128,Positive,Positive,True
তিসি কি বলবেন,Neutral,0.008752149,0.9769405,0.014307391,Neutral,0.9769405,Neutral,Neutral,False
শুধু শুধু নাম্বার দেই ওদেরকে নক করলে ওনারা কিছু বলে না,Negative,0.048142154,0.93592274,0.015935073,Neutral,0.93592274,Neutral,Neutral,False
জাস্ট দারুন অসাধারণ ভিডিও দিয়েছেন ধন্যবাদ,Positive,0.0048794406,0.013139345,0.9819812,Positive,0.9819812,Positive,Positive,False
এগুলো শুধু ভিডিও প্রচারের জন্য,Negative,0.030400006,0.7191668,0.25043315,Neutral,0.7191668,Neutral,Neutral,True
খুসকির জন্য কি করবো,Neutral,0.013853167,0.9750505,0.011096334,Neutral,0.9750505,Neutral,Neutral,False
এত নোংরা খাবার খেয়ো না,Negative,0.9651715,0.02632348,0.008504896,Negative,0.9651715,Negative,Negative,False
হালারা বাটপারি করে,Negative,0.94349504,0.050084066,0.0064208736,Negative,0.94349504,Neutral,Negative,False
তোর এই জায়গায় কোনো ভালো মানুষ হইয়া মাল লয় আজ পর্যন্ত আমার চোখে পড়ে নাই,Negative,0.02434278,0.8473767,0.12828055,Neutral,0.8473767,Negative,Neutral,False
এই করিমউল্লাহ মার্কেট পুরাডাই যামেলা,Negative,0.13973927,0.82714313,0.033117514,Neutral,0.82714313,Neutral,Neutral,True
কোন লাভ নাই টাক হওয়া শুরু হইলে পৃথিবীর কোন চিকিৎসা কাজ করে না,Negative,0.95294446,0.03954483,0.0075107575,Negative,0.95294446,Negative,Negative,False
লোকেশন টা কোথায় ভাই,Neutral,0.010696608,0.9769811,0.012322203,Neutral,0.9769811,Neutral,Neutral,False
ভাই যেদিন সুলায়মান সুখনের মত একজন মার্কেটিং করছে তখনই বোঝা যায়,Positive,0.010279291,0.21333607,0.77638465,Positive,0.77638465,Neutral,Neutral,True
আমি দিনাজপুর কি জন্য থাকি এখনো একটাও খাওয়া হয়নি,Neutral,0.07064641,0.91636896,0.012984646,Neutral,0.91636896,Negative,Neutral,False
প্যাকেট খাবারও ক্ষতিকর এটাকে একা দোষ দেওয়া ঠিক না,Neutral,0.7471501,0.22122589,0.031623915,Negative,0.7471501,Neutral,Negative,False
দেখলেই কেমন লাগে খাওয়া তো দুরের কথা,Negative,0.93558913,0.054993458,0.00941748,Negative,0.93558913,Negative,Negative,False
মরা মুরগীর চাইনিজ খাবার নাতো,Negative,0.9594819,0.032606877,0.007911238,Negative,0.9594819,Negative,Negative,False
এটা তো ব্যবসা না ঢাকাতি চেয়ে অনেক বড়,Negative,0.074831784,0.65944904,0.26571912,Neutral,0.65944904,Neutral,Neutral,True
দাদা এখানে মোবাইল ফোন গুলি ওরিজনাল জিনিস,Positive,0.028629176,0.9143157,0.057055157,Neutral,0.9143157,Positive,Neutral,False
কাজ করতে আগ্রহী বিনা ছুটিতে,Neutral,0.006222036,0.14155886,0.8522191,Positive,0.8522191,Positive,Positive,True
ইমুতে নক করলে রিপ্লাই দেয় না,Negative,0.9326378,0.059594758,0.0077674133,Negative,0.9326378,Negative,Negative,False
ফোন দিলে উল্টো পাল্টা কথা বলে,Negative,0.95656824,0.036081616,0.0073501435,Negative,0.95656824,Negative,Negative,False
যে হোটেলে দেখে কামাই করে তার গাড়ি বাড়ি এটা কোন ব্যাপার হলো,Neutral,0.037525676,0.9222283,0.040246025,Neutral,0.9222283,Negative,Neutral,False
আমি ফুসকা খাই না খেলে পেট খারাপ করে,Negative,0.95757514,0.034741435,0.007683414,Negative,0.95757514,Negative,Negative,False
চিনিগুড়া চাল দিয়ে করলে,Neutral,0.014594514,0.91449285,0.0709126,Neutral,0.91449285,Neutral,Neutral,False
এতো বাংলা খাওয়ায় ছাঁট,Neutral,0.86260414,0.1257719,0.011623902,Negative,0.86260414,Neutral,Negative,False
ভাইরাল হলেই তো ব্যবসা শেষ,Neutral,0.09563959,0.8635535,0.04080696,Neutral,0.8635535,Negative,Negative,True
কালকে কিনতে যাবো,Positive,0.012599178,0.6744821,0.31291872,Neutral,0.6744821,Neutral,Neutral,True
সমস্যা কোথায় আছে বিদায় সবাই জানে না থাকলে তো কুত্তা ও জানে না উনি কে উনি কে,Neutral,0.033954985,0.9299476,0.0360974,Neutral,0.9299476,Negative,Neutral,False
আমাদের ব্রাহ্মণবাড়িয়া সেরা,Positive,0.004224819,0.020663163,0.975112,Positive,0.975112,Positive,Positive,False
ভাই দোকান টা কোথায় ঠিকানাটা একটু বলবেন,Neutral,0.010749507,0.9771417,0.01210874,Neutral,0.9771417,Neutral,Neutral,False
পরিমাণ কম ছিল,Negative,0.8169578,0.16883323,0.014209044,Negative,0.8169578,Negative,Negative,True
ঢাকা সিটি ডাইনিং টেবিল,Negative,0.0133747365,0.90854275,0.078082554,Neutral,0.90854275,Neutral,Neutral,False
আমার খুভ পছন্দের অনেক টেস্টি হয়,Positive,0.0066638496,0.018155234,0.975181,Positive,0.975181,Positive,Positive,False
ধারুন দেখতে,Positive,0.004983224,0.024514116,0.9705027,Positive,0.9705027,Positive,Positive,False
মাশাআল্লাহ ভাই হুব সুন্দর লাগছে,Positive,0.004445674,0.012718237,0.98283607,Positive,0.98283607,Positive,Positive,False
আপনার জন্য ভালোবাসা রইলো,Neutral,0.004620738,0.030887166,0.9644921,Positive,0.9644921,Positive,Positive,False
লাল শাড়িটির দাম কত,Neutral,0.010423559,0.97550654,0.014069817,Neutral,0.97550654,Neutral,Neutral,False
রেডি থাকো চাদা নিতে আইতাছে,Neutral,0.058053106,0.88375753,0.058189373,Neutral,0.88375753,Negative,Neutral,False
বাঙালির রুচি আছে,Positive,0.20133984,0.42293698,0.37572324,Neutral,0.42293698,Positive,Positive,True
ইউটিউবারব্লগাররা অতিমাত্রায় তোষামোদি সন্দেহ জেলাসি একটু থামুন আল্লাহর উপর ছেড়ে দিন,Neutral,0.91404754,0.074415125,0.011537367,Negative,0.91404754,Negative,Negative,False
ধন্যবাদ দাদা খুব ভালো লাগলোআমি এর ব্যবসা করতে চাই কোথা থেকে পাইকারি রেটে মাল কিনবো,Neutral,0.0051110983,0.05958314,0.9353058,Positive,0.9353058,Positive,Positive,False
প্যাকেট খুলেই ভালো গন্ধ পেয়েছি,Positive,0.65002877,0.15833117,0.19164014,Negative,0.65002877,Positive,Positive,True
কত নাটক,Negative,0.20217933,0.780215,0.01760567,Neutral,0.780215,Negative,Neutral,False
আরেকটু বাড়িয়ে দেন,Neutral,0.024035081,0.83241326,0.1435517,Neutral,0.83241326,Neutral,Neutral,True
নতুন ইউজারদের জন্য রইল অনেক ভালোবাসা চেষ্টা করলে সকল নতুনদের একদিন সফলতা আসবেই,Neutral,0.0047623524,0.019357031,0.97588056,Positive,0.97588056,Positive,Positive,False
শুরুতে ভাবছিলাম ভারত পরে বুঝলাম বাংলাদেশ,Neutral,0.0497624,0.88926846,0.060969155,Neutral,0.88926846,Neutral,Neutral,False
রেস্টুরেন্ট থেকে এনে দেওয়ার চেয়ে ঘরে বানিয়ে খেলেই ভীষণ মজা লাগে,Positive,0.004787176,0.02516731,0.9700455,Positive,0.9700455,Positive,Positive,False
সব বাটপার,Negative,0.96437186,0.026470806,0.009157356,Negative,0.96437186,Negative,Negative,False
এরকম সুন্দরী দোকানদার থাকলে ক্রেতার অভাব পরবে না,Positive,0.0052197888,0.025649372,0.9691309,Positive,0.9691309,Positive,Positive,False
সার আমার ঠোঁটের উপর নিচে অনেক লোম পুরুষের মতো আমি কি করতে পারি,Neutral,0.124153174,0.8643525,0.0114943115,Neutral,0.8643525,Neutral,Neutral,False
সম্পূর্ণ হাতের স্পর্শ ছাড়া তৈরি,Positive,0.006061221,0.021803828,0.97213495,Positive,0.97213495,Positive,Positive,False
দারুন রান্না,Positive,0.004764373,0.012761197,0.9824744,Positive,0.9824744,Positive,Positive,False
এই দোকান থেকে আমি মালামাল নিয়ে বাশ খাইছি,Negative,0.96565443,0.02665654,0.007689079,Negative,0.96565443,Positive,Negative,False
এত গুলা মাংস দিয়া ৩০ টাকা জিন্দা মুরগী দ্বারাই সম্ভব,Negative,0.3679934,0.5984495,0.03355714,Neutral,0.5984495,Positive,Positive,True
বাদামের তেল ব্যবহার করা যাবে,Neutral,0.007822191,0.9451223,0.047055498,Neutral,0.9451223,Neutral,Neutral,False
না আমি দেখবো না দেখলেই খাইতে মন চাই,Neutral,0.11916566,0.5944341,0.28640023,Neutral,0.5944341,Positive,Positive,True
হাতের মধ্যে কোন গ্লাভস পড়ে নাই কিচ্ছু নাই হাতের যত ময়লা মুড়ির সাথে মাখিয়ে খাইয়ে দিল,Negative,0.9513794,0.04113251,0.007488093,Negative,0.9513794,Negative,Negative,False
অনেক লোভনীয় হয়েছে,Positive,0.045142774,0.09574362,0.85911363,Positive,0.85911363,Positive,Positive,True
দোকানে গেলে দাম বেশি চাই সাবধান,Negative,0.9686253,0.023857653,0.007517039,Negative,0.9686253,Negative,Negative,False
টিক বলচো আপু,Positive,0.005627909,0.02324101,0.9711311,Positive,0.9711311,Neutral,Positive,False
পাকিস্তানী কত কাজ করে,Neutral,0.010149885,0.97708845,0.0127616525,Neutral,0.97708845,Negative,Neutral,False
মজার রেসিপি ভিডিও,Positive,0.004349203,0.016754651,0.9788961,Positive,0.9788961,Positive,Positive,False
দাদা তোমার ফোন নাম্বার দাও,Neutral,0.01020381,0.97680444,0.012991761,Neutral,0.97680444,Neutral,Neutral,False
মাদারচোদ এই ভিডিও দেখে সাভার থেকে গিয়েছিলাম থেকে হাড্ডি কিনতে আসে তোর কাছে কুত্তার বাচ্চা ৬০০ টাকার হাড্ডি ধরাই দিছে না এ,Negative,0.95835555,0.03451588,0.0071285893,Negative,0.95835555,Negative,Negative,False
রান্নাটা অসাধারণ,Positive,0.0044453186,0.012335889,0.9832187,Positive,0.9832187,Positive,Positive,False
ওরা তিন হাজার টাকা বলে এনে তারপর হাইজ্যাক করেন সব লুটে নেয় এবং বাড়ি থেকে টাকা আনতে বলবে তাদের এটা প্ল্যান সাজানো,Negative,0.9051882,0.085373215,0.009438607,Negative,0.9051882,Negative,Negative,False
অসাস্থকর খাবার একে জরিমানা করা উচিত,Negative,0.96738565,0.024547637,0.008066761,Negative,0.96738565,Negative,Negative,False
অসাধারণ প্রতিভা,Positive,0.005605899,0.017284792,0.97710925,Positive,0.97710925,Positive,Positive,False
তুমি হাতে ক্লাপস লাগিয়ে খাওয়ার মাংস বিক্রি কর,Negative,0.3547551,0.6254292,0.019815646,Neutral,0.6254292,Negative,Negative,True
ইনবক্স থেকে নেওয়া আমি ফাহমিদা আল নাইমের ওয়ার্কশপ মেম্বার আপনার সাথে কিছু কথা শেয়ার করি তাদের বিরুদ্ধে নেগেটিভ কিছু পাবেন না যখনই নেগেটিভ কিছু দেখবে তাড়া তা রিমুভ করে দেয়,Neutral,0.021697963,0.32853454,0.64976746,Positive,0.64976746,Neutral,Neutral,True
খুবই ফ্রেশ এবং স্বাস্থ্যকর খাবার,Positive,0.0050699553,0.01147193,0.98345816,Positive,0.98345816,Positive,Positive,False
খুবি ভালো উদ্যোগ দোয়া রইলো আপনার জন্য আপু,Neutral,0.0049773203,0.013324389,0.9816983,Positive,0.9816983,Positive,Positive,False
আমার ছেলে খুব পছন্দ করে,Positive,0.0048207184,0.037821613,0.95735765,Positive,0.95735765,Positive,Positive,False
ভাইয়া আমি নিতে চাই কিভাবে নিবো,Neutral,0.008673403,0.9627819,0.028544774,Neutral,0.9627819,Neutral,Neutral,False
নাম কি জানা নেই বলে দিবে,Neutral,0.012997351,0.9762765,0.010726206,Neutral,0.9762765,Neutral,Neutral,False
উনি প্রকৃত শেফ,Positive,0.004742779,0.018038899,0.9772183,Positive,0.9772183,Positive,Positive,False
এই ফোন যে কিনবে ও একটা মদন,Negative,0.951642,0.040693354,0.00766464,Negative,0.951642,Negative,Negative,False
মুখ ঢাকার দরকার কি বোরকা পড়লেই তো পারেন,Neutral,0.022464205,0.96468836,0.012847475,Neutral,0.96468836,Negative,Neutral,False
সারাদেশ চুরি ডাকাতিতে ভরা শুধু ফুটপাতে বসে কেক বিক্রি করতে হলে যুধিষ্ঠির হতে হবে,Neutral,0.7333063,0.25052088,0.016172828,Negative,0.7333063,Negative,Negative,False
ঠিকানাটা কোথায় বে,Neutral,0.0100946175,0.9766699,0.013235486,Neutral,0.9766699,Neutral,Neutral,False
জি উনিও নিজের কোর্স চালু করেছেন সাংবাদিক সাহেব যে ২০ হাজার পেয়েছেন ওটা দিয়ে কক্সবাজার বেড়িয়ে আসুন,Neutral,0.026905363,0.81454074,0.15855384,Neutral,0.81454074,Neutral,Neutral,False
ভিডিওটা বুঝলাম না,Neutral,0.88506603,0.10620321,0.008730845,Negative,0.88506603,Negative,Negative,False
গতবারের কট মামা বাহিরের ধুলাবালি মাখা ইফতারী কীল্লিগা মাইন্সে কিনে বুঝিইনাহ,Negative,0.90146387,0.08958956,0.00894664,Negative,0.90146387,Neutral,Negative,False
আচ্ছা আমাকে কোন ভাবে দত্তক নেওয়া যায় না সম্পত্তি দেওয়া লাগবে না শুধু আপনি যা রান্না করবেন আমাকে খাইতে দিলেই হবে,Neutral,0.011042048,0.84644365,0.14251432,Neutral,0.84644365,Neutral,Neutral,True
খুব সুন্দর হয়েছে আপু,Positive,0.0044067893,0.011755799,0.9838374,Positive,0.9838374,Positive,Positive,False
দিবেন দিবেন আপু,Positive,0.011888229,0.7264887,0.26162308,Neutral,0.7264887,Positive,Positive,True
এতো গুলো কেক তৈরি সম্ভব নয় কারণ সম্ভবত এগুলো কারখানায় তৈরি করে এনে এভাবে বিক্রি করছে কি সন্দেহ আপু দেখতে আলহামদুলিল্লাহ ভালো কিন্তু এতো গুলো কেকের ঠেলায় এই চেহারা ধরে রাখা সম্ভব নয়,Positive,0.055506814,0.86017346,0.08431974,Neutral,0.86017346,Neutral,Neutral,True
ভাই আমার মোবাইল চুরি হয়ে গিয়েছিল এক বছর আগে জিডি করেছিলাম কিন্তু এখনও কোনো খবর নেই মোবাইলটি ইবনে সিনার সামনে থেকে চুরি হয়েছে,Negative,0.96394444,0.029080676,0.00697488,Negative,0.96394444,Negative,Negative,False
যেমন দাম চাওয়ার সাইজ সেই তুলনায় প্রথমে বেশিই বলছে আপুটা ২০০দুইশ বলা লাগতো যাই হোক রাগের মাথায় যাই বলি ৪০০ সঠিক বলেছে উনি,Neutral,0.61560446,0.31738645,0.0670091,Negative,0.61560446,Negative,Negative,True
আমি খেতে পারি না কেন জানি আফসোস,Negative,0.9283344,0.061771672,0.009893836,Negative,0.9283344,Negative,Negative,False
আমি ১ম শুনলাম লম্বা মিঠা,Neutral,0.012065522,0.50085044,0.48708403,Neutral,0.50085044,Neutral,Neutral,True
আপু অনেক সুন্দর রান্না,Positive,0.0049684523,0.012503339,0.98252827,Positive,0.98252827,Positive,Positive,False
দোকান বন্ধ ছিল,Neutral,0.32320172,0.65769243,0.019105911,Neutral,0.65769243,Negative,Negative,True
চাপা আছে কইরে খাইতে পারবো,Negative,0.0190127,0.96819466,0.01279271,Neutral,0.96819466,Negative,Neutral,False
যেখানে একজন আরেকজনকে টেনে নামায়,Neutral,0.28601125,0.6649797,0.04900908,Neutral,0.6649797,Negative,Negative,True
৭৫ টাকা পিস কিনছিলাম,Negative,0.06022314,0.8387935,0.10098331,Neutral,0.8387935,Neutral,Neutral,False
তিষি দানা কি,Neutral,0.008375327,0.97458297,0.01704167,Neutral,0.97458297,Neutral,Neutral,False
ঠিকানা টা তো কেউ দিবেন প্লিজ,Neutral,0.010255389,0.97538406,0.014360485,Neutral,0.97538406,Neutral,Neutral,False
শালা টাচ কাজ করে না,Negative,0.9637897,0.028791972,0.007418292,Negative,0.9637897,Negative,Negative,False
অনেক সুন্দর উপদেশ,Positive,0.0047906064,0.012420248,0.9827892,Positive,0.9827892,Positive,Positive,False
সেসে এটা কি বল্লো,Neutral,0.01259251,0.97587854,0.011528893,Neutral,0.97587854,Neutral,Neutral,False
ছিছিছি আহারে জীবন,Negative,0.7660804,0.21104278,0.022876859,Negative,0.7660804,Negative,Negative,True
এরা কি বলছে এসব নতুন কাপড়,Negative,0.17183778,0.81194866,0.016213518,Neutral,0.81194866,Neutral,Neutral,True
দোকানের নাম রাখছে ইন্ডিয়ার আর খাবার বানাইছে পাকিস্তানেরআর দোকান হলো বাংলাদেশের,Neutral,0.10020211,0.8685333,0.031264625,Neutral,0.8685333,Neutral,Neutral,False
কে কিভাবে কেক বানাইতেছে সেটা বড় কথা নয় আসলে কেক মান সম্মত কিনা বা এতে কোনো ভেজাল আছে কিনা সেটা মুক্ষ্য বিষয় আসলে আমরা বাংগালী তো কেউ উপরে উঠতে চাইলে তাকে কিভাবে নিচে নামানো যায় সবাই সেই চিন্তা করে,Neutral,0.020134857,0.75686604,0.22299913,Neutral,0.75686604,Negative,Neutral,False
আপু দোকান কোথায় খেতে আসবো,Neutral,0.004782069,0.038461618,0.95675635,Positive,0.95675635,Neutral,Positive,False
মাসাআল্লাহ আলহামদুলিল্লাহ,Positive,0.003959002,0.016216807,0.9798242,Positive,0.9798242,Positive,Positive,False
ভাইয়া এই স্ট্রিং এর নাম কি,Neutral,0.011114284,0.9778277,0.0110580865,Neutral,0.9778277,Neutral,Neutral,False
দেখে মনে হচ্ছে খাবারগুলো খুব মজাদার,Positive,0.005113279,0.018214911,0.9766718,Positive,0.9766718,Positive,Positive,False
ঝাল মুড়ি তো নাই যেনো হাত দিয়ে গু ভর্তা বানাচ্ছে,Negative,0.9483442,0.044498987,0.007156876,Negative,0.9483442,Negative,Negative,False
কত কি করবেন আর বাকি কি আছে,Neutral,0.011387106,0.9748718,0.013741118,Neutral,0.9748718,Neutral,Neutral,False
ভাই আমার এই ছোট চিংড়ি অনেক প্রিয়,Positive,0.0045343614,0.015840396,0.9796252,Positive,0.9796252,Positive,Positive,False
ভয়ানক প্রতারনা মূলক কথা এসব সব পুরান ব্যবহৃত এমন কি মৃত মানুষের ব্যবহারের মাল,Negative,0.9622962,0.02947908,0.008224787,Negative,0.9622962,Negative,Negative,False
খুব আলাদা লাগেনি,Neutral,0.06111492,0.8074443,0.1314408,Neutral,0.8074443,Negative,Negative,True
বিরিয়ানির জন্য মাংসটা কখন রান্না করল দেখতেই পেলাম না,Neutral,0.7669071,0.21774033,0.015352556,Negative,0.7669071,Negative,Negative,True
অসাদারন চিংরি ভুনা ছিলো,Positive,0.0059428145,0.014130198,0.97992694,Positive,0.97992694,Neutral,Positive,False
ঠিক ই আছে দাম বলা,Positive,0.0043425257,0.01970229,0.9759552,Positive,0.9759552,Neutral,Positive,False
এই মাল দিয়া ব্যাবসা করলে ব্যাবসায় লাল বাতি১০০,Negative,0.93937093,0.053319506,0.007309468,Negative,0.93937093,Positive,Negative,False
জিবে জল এসে গেলো,Positive,0.0059040547,0.018824415,0.9752715,Positive,0.9752715,Neutral,Positive,False
দেখে মনে হচ্ছে বেবি অক্টোপাস গুলো পরিষ্কার করা না,Negative,0.9259074,0.06652726,0.007565307,Negative,0.9259074,Negative,Negative,False
তাহলে দোকানদার ভাই আপনি কয় তলা বাড়ি করছেন এই ব্যবসা করে,Neutral,0.019773524,0.96919024,0.011036219,Neutral,0.96919024,Neutral,Neutral,False
এতগুলো মসলা যোগ করলে রান্না এমনিতেই ভালো হয় এত রুলস রেগুলেশনের দরকার হয় না,Positive,0.11881286,0.7038206,0.17736657,Neutral,0.7038206,Positive,Positive,True
এই খাবার প্রত্যাশার চেয়ে ভালো,Positive,0.006959062,0.024219526,0.9688214,Positive,0.9688214,Positive,Positive,False
বালের বিরানি একদম বাজে,Negative,0.9717206,0.020966295,0.007313132,Negative,0.9717206,Negative,Negative,False
ভালো তথ্য পেলাম,Positive,0.0041192747,0.014973616,0.98090714,Positive,0.98090714,Positive,Positive,False
নতুন স্বাদ কিন্তু অসাধারণ,Positive,0.0048800455,0.011133154,0.98398685,Positive,0.98398685,Positive,Positive,False
একটা আমি নিমু,Neutral,0.012701452,0.6309981,0.35630047,Neutral,0.6309981,Neutral,Neutral,True
আমরা ব্রাহ্মণবাড়িয়া ছেলে রা কিন্তুু বাজারে মেয়ে পছন্দ করি না,Positive,0.062640674,0.4859598,0.4513995,Neutral,0.4859598,Negative,Negative,True
অগনি অসতরো পাওয়া জাবে,Neutral,0.038941268,0.9429384,0.018120358,Neutral,0.9429384,Neutral,Neutral,False
দেইখেন মামা আবার যেনো কুকুরের মাংসো না খাইয়ে দেয়,Negative,0.33341163,0.62891126,0.037677135,Neutral,0.62891126,Negative,Negative,True
বিসমিল্লাহ বলে দাঁড়িয়ে খাচ্ছেন,Neutral,0.007345759,0.039230067,0.95342416,Positive,0.95342416,Neutral,Positive,False
গ্রাফিকস কার্ড সারা কি তে খেলতে পারবো,Neutral,0.0078112204,0.97641754,0.015771283,Neutral,0.97641754,Neutral,Neutral,False
মানুষের না খেয়ে মরে আর এখানে খাবারের অপচয় করছে,Negative,0.6670689,0.2953224,0.037608694,Negative,0.6670689,Negative,Negative,True
স্যালুট বস,Positive,0.011998303,0.11436535,0.8736363,Positive,0.8736363,Positive,Positive,False
বাংলাদেশে কিছু ফকিন্নির পোলাপান আছে শুধু কিছু একটা শুনলাম মাত্র সে দোকানে যাই কারণ তারা জিন্দেগীতে খায় না তো সেজন্য একটু তারাও টেলিভিশন উঠবে স্যার এগুলো দেখবে সে জন্য যার কোন কিছু না,Neutral,0.027871063,0.9205889,0.05154006,Neutral,0.9205889,Neutral,Neutral,False
তাদের তো ফোন দিলে ধরে না আবার গিয়ে কথা বললে বলে বুকিং ১৮ তারিখ পর্যন্ত,Negative,0.7484073,0.2384106,0.013182104,Negative,0.7484073,Negative,Negative,True
পাইকারি রেটে পণ্য পাওয়া যাবে,Neutral,0.010572833,0.8950378,0.094389446,Neutral,0.8950378,Positive,Neutral,False
আমি চিনিনা,Neutral,0.10757371,0.86733365,0.025092654,Neutral,0.86733365,Neutral,Neutral,False
ধন্যবাদ কেমন আছেন,Positive,0.009654969,0.27520555,0.7151395,Positive,0.7151395,Positive,Positive,True
খুবই অস্বাস্থ্যকর খুব হতাশাজনক,Negative,0.97042423,0.021552252,0.00802363,Negative,0.97042423,Negative,Negative,False
দাম বেশি নিচ্ছে,Negative,0.96219784,0.028238501,0.009563749,Negative,0.96219784,Negative,Negative,False
এই দোকানের মালিক তো ডাকাত,Negative,0.96539956,0.027165882,0.0074346066,Negative,0.96539956,Negative,Negative,False
এরাবিয়ান খেপসা র রেসিপি দইয়েন,Neutral,0.010134683,0.08745986,0.9024055,Positive,0.9024055,Neutral,Positive,False
যে কোন ব্যবসার মূলনীতি হচ্ছে পরিশ্রম এবং মার্কেটিং যত বেশি করা যাবে সেই জিনিসটি তত বেশি বিক্রি হবে এবং পণ্যের মান ভালো থাকতে হবে তাড়াতাড়ি বিয়ে করেছে অনেক ভালো হয়েছে জীবন যৌবন অর্থনীতি সবকিছু উন্নতি হবে,Positive,0.0047666067,0.022783438,0.97244996,Positive,0.97244996,Positive,Positive,False
মুয়াজ্জিন সাহেবকে আল্লাহতালা নেক হায়াত দান করুক আমিন,Positive,0.0061537116,0.037411332,0.95643497,Positive,0.95643497,Positive,Positive,False
ভাই খাবার জিনিসের সামনে যদি দোকান হয় তাহলে অত্যন্ত জরুরী একটা মাক্স পড়তে হবে,Positive,0.008260069,0.9506231,0.0411168,Neutral,0.9506231,Neutral,Neutral,False
সবাই এসব করে না,Neutral,0.028976606,0.86791486,0.10310851,Neutral,0.86791486,Neutral,Neutral,False
এ নেওয়া যাবে,Neutral,0.010698047,0.96773183,0.021570172,Neutral,0.96773183,Neutral,Neutral,False
আপনার কথা গুলো আমাদের মন এ সাহস বাড়িয়ে দিলো আপনাকে অসখ্যা ধন্যবাদ,Positive,0.005477018,0.015921023,0.97860193,Positive,0.97860193,Positive,Positive,False
আমারো ভালো লাগে,Positive,0.004538804,0.014749412,0.98071176,Positive,0.98071176,Positive,Positive,False
চুল বেঁধে রাখলে ভালো,Neutral,0.009390417,0.25251886,0.73809075,Positive,0.73809075,Positive,Positive,False
সৌদি আরবে ৯৫ রিয়াল কেজি,Neutral,0.039782625,0.9104923,0.049725026,Neutral,0.9104923,Neutral,Neutral,False
নদীর টাটকা ফ্রেশ ছোট বড় সকল প্রকারের মাছ দেশি মুরগী রাঁজহাঁস চীনা হাঁস পাতিহাঁস রেডি টু কুক করে ঘরে বসে পেতে আমাদের পেজট,Neutral,0.008219721,0.09794202,0.8938383,Positive,0.8938383,Positive,Positive,False
এটা কথায়,Neutral,0.11354309,0.8580249,0.028431987,Neutral,0.8580249,Neutral,Neutral,True
করিমুল্লা মার্কেট দেখি চুরিরদের জন্মদেয়,Negative,0.9544275,0.039432567,0.0061399643,Negative,0.9544275,Negative,Negative,False
ফেইক নিউজ,Neutral,0.9659077,0.02596005,0.008132253,Negative,0.9659077,Negative,Negative,False
আমারে চান্দা দেন,Neutral,0.023250382,0.96147126,0.015278402,Neutral,0.96147126,Neutral,Neutral,False
এগুলো ১৮০০ টাকারই শাড়ি ৭০০০ গুলো পিউর সপুরা মসলিনের,Neutral,0.030216787,0.6350089,0.33477435,Neutral,0.6350089,Neutral,Neutral,True
আমি নিব ভাই,Positive,0.00886152,0.8069173,0.18422125,Neutral,0.8069173,Neutral,Neutral,True
গরম করার দরকার পড়েছে,Negative,0.012121782,0.8580446,0.1298336,Neutral,0.8580446,Neutral,Neutral,True
এগুলো খেলে তার অসুখের অভাব হবেনা,Positive,0.09711397,0.4542983,0.44858778,Neutral,0.4542983,Negative,Negative,True
ঠিকানা দেন,Neutral,0.009658823,0.9728722,0.017469015,Neutral,0.9728722,Neutral,Neutral,False
আহা এরকম খাবার দেখলেই জিভে পানি আসবেই কি যে স্বাদ ধন্যবাদ আপু এতো সুন্দর খাবারের পোস্ট করার জন্য,Positive,0.0051950538,0.013384638,0.98142034,Positive,0.98142034,Positive,Positive,False
আস্তে ধীরে লুফে নিতেন এত জোড়ে গেলে হবে,Neutral,0.13828777,0.83987975,0.021832446,Neutral,0.83987975,Neutral,Neutral,True
আপনি কি দয়া করে বলবেন অনেক দেরিতে কেন চাল ফোটে,Neutral,0.035134543,0.95555717,0.009308268,Neutral,0.95555717,Neutral,Neutral,False
রাস্তা দখল করে আইন লঙ্ঘন,Negative,0.9599739,0.030449629,0.0095764445,Negative,0.9599739,Negative,Negative,False
পরে হাসতে হাসতে হাগা পেয়ে গেলো,Neutral,0.20083942,0.34770557,0.451455,Positive,0.451455,Positive,Positive,True
ভুলে গেছি,Neutral,0.3112877,0.6467771,0.04193522,Neutral,0.6467771,Neutral,Neutral,True
বেশ লোভনীয় লাগছে আপু,Positive,0.004362632,0.011387613,0.9842498,Positive,0.9842498,Positive,Positive,False
ভিডিও গুলো দেখলেই মন ভরে যায়,Positive,0.005685206,0.012940264,0.98137456,Positive,0.98137456,Positive,Positive,False
টাকা দিয়া মার্কিটি নিউজ দেখি সময় টিভি করে আমরাও ব্যবসা করে এত আহামরি কিছু না ভাই,Negative,0.016083425,0.9610673,0.022849292,Neutral,0.9610673,Negative,Neutral,False
এটা কি চিটাগাং এ পড়ছে,Neutral,0.013326076,0.9753989,0.011274996,Neutral,0.9753989,Neutral,Neutral,False
বাঙালি খাবারের মজাই আলাদা,Positive,0.00446024,0.01965304,0.9758867,Positive,0.9758867,Positive,Positive,False
শব্দের মান পরিষ্কার,Positive,0.016300997,0.15097664,0.83272237,Positive,0.83272237,Positive,Positive,False
ভাই আমি আই ফোন,Neutral,0.012309762,0.9708661,0.016824277,Neutral,0.9708661,Neutral,Neutral,False
ভাইয়া আপনার রেসিপি আমি সব সময় দেখি আমার অনেক বেশি ভালো লাগে অনেক পছন্দ হয় আপনার ভিডিওগুলো আর আপনার ভয়েসটা অনেক সুন্দর মাশাল্লাহ,Positive,0.0056791543,0.013020036,0.98130083,Positive,0.98130083,Positive,Positive,False
আবেহ হালায় লাভ কত হইছে সেটা জিগেশ কর,Neutral,0.061253592,0.9284359,0.01031047,Neutral,0.9284359,Neutral,Neutral,False
আসো দেখি আসি চাপাবাজরা মিথ্যেই বলছে নাকি সত্য,Neutral,0.07827085,0.8861915,0.035537627,Neutral,0.8861915,Negative,Neutral,False
ভর্তা টা দেখে তোর কথা মনে হইলো,Positive,0.0058937753,0.042937662,0.9511686,Positive,0.9511686,Positive,Positive,False
ধন্যবাদ সবাইকে ভালো লাগলো,Positive,0.00429949,0.015177516,0.98052305,Positive,0.98052305,Positive,Positive,False
দারুন ব্যবসা,Positive,0.004689113,0.011672915,0.9836379,Positive,0.9836379,Positive,Positive,False
পরিমাণও যথেষ্ট বেশি,Positive,0.7904957,0.18967023,0.019834071,Negative,0.7904957,Positive,Positive,True
আসসালামু আলাইকুম ভাই এই চিকনি গুড়া মাছের তরকারির দোকান কোথায় ঠিকানা দিন,Neutral,0.009783605,0.9759326,0.014283746,Neutral,0.9759326,Neutral,Neutral,False
আরব দেশগুলোতে উঠের মাংস গরুর মাংসের চাইতো সস্তা,Neutral,0.014978987,0.94508463,0.03993635,Neutral,0.94508463,Neutral,Neutral,False
একদম ভালো করছে,Positive,0.005720368,0.017665463,0.9766142,Positive,0.9766142,Positive,Positive,False
সেই স্বাদ হবে,Positive,0.013136434,0.4252341,0.5616294,Positive,0.5616294,Neutral,Neutral,True
ইয়াম্মি লাগছে,Positive,0.005120508,0.016139207,0.97874033,Positive,0.97874033,Positive,Positive,False
কি মধুর সুর লা ইলাহা ইল্লাল্লাহু মুহাম্মাদুর রাসুলুল্লাহ,Neutral,0.041699503,0.42487675,0.5334237,Positive,0.5334237,Positive,Positive,True
আল্লাহ ওকে সুন্দর চরিত্র করে দিবেন জীবনে সকল কিছুতে বারকা দান করবেন ইনশাআল্লাহ,Positive,0.0045301365,0.017187975,0.9782819,Positive,0.9782819,Positive,Positive,False
কি করে নিব,Neutral,0.01156352,0.9750777,0.01335885,Neutral,0.9750777,Neutral,Neutral,False
অনলাইন তেল কিছুই কাজ করছে না,Negative,0.9567343,0.034591526,0.008674154,Negative,0.9567343,Negative,Negative,False
কত বেতন দিবে আপনার আপু,Neutral,0.009920869,0.97592545,0.014153711,Neutral,0.97592545,Neutral,Neutral,False
ঘৃণা লাগে মানসিক সমস্যা আছে,Negative,0.9682072,0.023374356,0.008418439,Negative,0.9682072,Negative,Negative,False
সাইটে তো কোন প্রডাক্টই পেলাম না,Negative,0.9304496,0.06000291,0.009547468,Negative,0.9304496,Negative,Negative,False
সব ভূয়াঅফিসে গিয়েও কল রিসিভ করে না,Negative,0.7726553,0.21490163,0.012443117,Negative,0.7726553,Negative,Negative,False
ভাই তোমাকে অশেষ ধন্যবাদ ডাকাতদের হাত থেকে সৎ মানুষদের বাঁচানোর জন্য,Positive,0.0069386237,0.026382567,0.96667886,Positive,0.96667886,Positive,Positive,False
খুব ভাল লাগল দিদিভাই,Positive,0.0043515777,0.011382957,0.98426545,Positive,0.98426545,Positive,Positive,False
আপনার লোকেশন কোথায়,Neutral,0.010883964,0.97414,0.014976023,Neutral,0.97414,Neutral,Neutral,False
লোকেশন না দিলে আমরা যাবো কেমনে,Neutral,0.096875876,0.86895084,0.034173258,Neutral,0.86895084,Negative,Neutral,False
ভাই মাংস আাগে রান্না করা লাগবে নাকি কিছু বললেন নাতো,Neutral,0.010248551,0.9770562,0.012695234,Neutral,0.9770562,Neutral,Neutral,False
অনেক লোভনীয় লাগলো,Positive,0.0046920707,0.011827918,0.9834801,Positive,0.9834801,Positive,Positive,False
৪০ জন লোককে কত টাকা করে স্যালারি দেন,Neutral,0.028031113,0.96012175,0.011847098,Neutral,0.96012175,Neutral,Neutral,False
খুব সুন্দর হয়েছে আপনার জন্য দোয়া রইল,Positive,0.0046158684,0.012638509,0.98274565,Positive,0.98274565,Positive,Positive,False
এ চালা এখানে সব ভিউ ব্যবসার খেলা,Negative,0.92956054,0.06182498,0.008614469,Negative,0.92956054,Negative,Negative,False
আমি আপনার কাজে ইন্সপেয়ার হই কিন্তু আমরা ঘৃণা করি কিন্তু এটা ঠিক না আমার ৃমনমানসিকতস ঠিক নেই তার জন্য ঘৃণা করি,Negative,0.5458574,0.4118077,0.042334862,Negative,0.5458574,Negative,Negative,True
আমার ফোন পকেট থেকে চুরি করেছে,Negative,0.96936136,0.022856567,0.0077820723,Negative,0.96936136,Negative,Negative,False
আলহামদুলিল্লাহ আপু শুভকামনা রইল আপনার জন্য,Positive,0.004093995,0.021843366,0.9740626,Positive,0.9740626,Positive,Positive,False
সকলে না বিকাকালে পান করবো আর খালি পেটে না বড়া পেটে,Neutral,0.029376507,0.32722098,0.6434026,Positive,0.6434026,Neutral,Neutral,True
অনেক লোভনীয়,Positive,0.006832795,0.019971583,0.9731957,Positive,0.9731957,Positive,Positive,False
খেতে খুবই মজা,Positive,0.004626417,0.01184631,0.98352724,Positive,0.98352724,Positive,Positive,False
আমি আগে বিভিন্ন রেস্টুরেন্টে কিছেনে কাজ করেছি আমি করতে পারি চট্টগ্রাম হলে,Positive,0.008826625,0.97021514,0.020958249,Neutral,0.97021514,Positive,Neutral,False
দৌড় দেন,Neutral,0.014210581,0.9511394,0.034649972,Neutral,0.9511394,Neutral,Neutral,False
কালার দেখেক্ষুধা লেগে গেছে,Positive,0.0054281866,0.017246522,0.9773253,Positive,0.9773253,Negative,Positive,False
অনেক সুন্দর চায়ের দোকান খেতে বেশ ভালোই মজা,Positive,0.005161713,0.01131978,0.9835185,Positive,0.9835185,Positive,Positive,False
কতো দিন খাতে হবে একটু জানাবেন,Neutral,0.009409993,0.9775159,0.013074258,Neutral,0.9775159,Neutral,Neutral,False
প্রজেক্টর লাইট আছে দাম কত,Neutral,0.010260614,0.9773348,0.012404625,Neutral,0.9773348,Neutral,Neutral,False
১২০০ ই বেশি ছিলো ভাই দামদরে এক্সপার্ট না,Negative,0.30405805,0.6652986,0.030643364,Neutral,0.6652986,Negative,Negative,True
মাশাল্লাহ মাশাল্লাহ অনেক সুন্দর হয়েছে,Positive,0.004456638,0.011854964,0.98368835,Positive,0.98368835,Positive,Positive,False
চিকেনটা কি রান্না করার ছিল নাকি,Neutral,0.013741024,0.97484654,0.011412461,Neutral,0.97484654,Neutral,Neutral,False
একবার ফুড ব্লগারের রিভিউ দেখে মিরপুর খেতে গিয়ে ফালতু খাবার খেয়েছি,Negative,0.95488834,0.037888866,0.007222893,Negative,0.95488834,Negative,Negative,False
বলছি ভাই আপনারা যে এই যে দামটা বলে দিছেন তয,Neutral,0.030784832,0.9503706,0.01884451,Neutral,0.9503706,Neutral,Neutral,False
পা যদি ধোয়া থাকে তাহলে আমার অসুবিধা নাই,Positive,0.011299215,0.3491271,0.63957363,Positive,0.63957363,Positive,Positive,True
আমাকে রাখবেন আমার খুব একটা কাজের দরকার অনেক সমস্যায় আচি,Neutral,0.009403679,0.94834816,0.042248204,Neutral,0.94834816,Negative,Neutral,False
হেডিং ঠিক বলছেন,Positive,0.031390727,0.29946652,0.6691427,Positive,0.6691427,Positive,Positive,True
হাঁসের দোকানে পাশের দোকান দুধ চা পাওয়া যায় ঈদের চা খেতে খেতে আপনার দিকে তাকিয়ে থাকে,Positive,0.0060255677,0.08826596,0.9057085,Positive,0.9057085,Neutral,Positive,False
আমি কোরিয়ারের নিতে চাই,Neutral,0.008459149,0.27123356,0.7203073,Positive,0.7203073,Neutral,Neutral,True
আমার অনেক পছন্দ এই পাতিল কই থেকে নিলে,Positive,0.014004266,0.2576138,0.7283819,Positive,0.7283819,Positive,Positive,True
ভাইয়া আমি আইফোন বা ২০২৫ হাজারের মধ্যে পাবো,Neutral,0.007755311,0.9673305,0.024914268,Neutral,0.9673305,Positive,Neutral,False
যেখানেই যায় কোনো বিষয় এত রঞ্জিত করে ফেলে সব শেষ হয়,Neutral,0.30899096,0.6006875,0.090321526,Neutral,0.6006875,Negative,Negative,True
আল্লাহ এই মোয়াজ্জিনকে আরো বরকত বাড়িয়ে দাও,Positive,0.0044929213,0.017539298,0.9779678,Positive,0.9779678,Positive,Positive,False
অনেক সুন্দর কথা বলেছেন আপু,Positive,0.0044517377,0.013005343,0.982543,Positive,0.982543,Positive,Positive,False
আমাদের দেশে যেটা বেশী ভাইরাল হয় সেটাই আবার দ্রুত ভাইরাস হয়ে যায়,Neutral,0.1149387,0.85726273,0.027798671,Neutral,0.85726273,Negative,Negative,True
আমি ভারত কোলকাতা থেকেআমি নতুন ইসলাম ধর্ম গ্রোহন করতে চলেছি,Positive,0.0108167995,0.48388445,0.50529873,Positive,0.50529873,Neutral,Neutral,True
এটা আসল জামদানী শাড়ি না,Negative,0.8968612,0.09461519,0.008523675,Negative,0.8968612,Negative,Negative,False
ভাই খাবার আইটেমগুলো দেখে তো জিভে জল চলে আসলো,Positive,0.0048323236,0.014074652,0.981093,Positive,0.981093,Positive,Positive,False
এখানে কোথায় ভাই,Neutral,0.01733924,0.9581718,0.024488958,Neutral,0.9581718,Neutral,Neutral,False
আরও বেশি করে খাবে,Neutral,0.0051689385,0.027902089,0.966929,Positive,0.966929,Positive,Positive,False
অনলাইন জগতের সেরা ক্রিকেটার হিমেল ভাই,Positive,0.015610575,0.15982951,0.82456,Positive,0.82456,Positive,Positive,False
খেতে এত মজা থামানো যায় না,Positive,0.005424208,0.014336143,0.9802397,Positive,0.9802397,Positive,Positive,False
সবই ঠিক আছে কিন্তু এভাবে হাতায় কেন তাও আবার গ্লাপ্স ছাড়া,Negative,0.1440281,0.83890283,0.017069012,Neutral,0.83890283,Negative,Neutral,False
আমাদের দেশের মানুষের রুচি ছি,Negative,0.9627376,0.030402515,0.0068598283,Negative,0.9627376,Negative,Negative,False
ক্লিয়ার হলাম না ডেলিভারি চার্জ কতো ওনাদের অগ্রীম টাকা কি ডেলিভারি চার্জ এ মাইনাস করবে,Neutral,0.3577274,0.62964576,0.012626838,Neutral,0.62964576,Negative,Negative,True
আসসালামু আলাইকুম ভাইয়া আমি আপনার ভিডিও সব সময় দেখি আমাকে একটু সাপোর্ট করেন না ভাইয়া,Neutral,0.0085000815,0.17643319,0.8150667,Positive,0.8150667,Positive,Positive,True
আমি যা কমেন্ট করমু সবাই আগেই কইরা ফেলছে,Neutral,0.36208135,0.6204302,0.017488524,Neutral,0.6204302,Negative,Negative,True
লোকেসন কোথায় ভাই,Neutral,0.025341572,0.9584929,0.01616553,Neutral,0.9584929,Neutral,Neutral,False
হাজার টাকার মধ্যে হলে ভালো হতো,Neutral,0.015092213,0.9282011,0.056706633,Neutral,0.9282011,Neutral,Neutral,False
খাটি বাঙ্গালিয়ানা,Positive,0.004863239,0.017344432,0.9777924,Positive,0.9777924,Positive,Positive,False
আমি কখনো এসব খাই নাই দেখেই কেমন লাগে,Negative,0.77541894,0.20775495,0.016826048,Negative,0.77541894,Neutral,Neutral,True
ভাই হাতে জোস না হাতে জীবানু আছে বাটপার,Negative,0.96679217,0.026152419,0.007055403,Negative,0.96679217,Negative,Negative,False
পায়খানা পরিষ্কার করার খাবার,Negative,0.031524118,0.06161724,0.9068587,Positive,0.9068587,Negative,Positive,False
ছবি ঝাপসা,Negative,0.9673817,0.025314316,0.007303921,Negative,0.9673817,Negative,Negative,False
আমার তো লোভ লেগে গেলো,Positive,0.0048485715,0.019298384,0.97585297,Positive,0.97585297,Negative,Positive,False
গেবাডিন পেন্ট কী এর আছে,Neutral,0.010943345,0.9770553,0.012001365,Neutral,0.9770553,Neutral,Neutral,False
এই একজোড়া মাছের দাম ১৮৫০ টাকা চাইছে আমি হলে ৩০০ টাকা বলতাম এই মেয়েটা ৪০০ টাকা বেশি বলেছে,Negative,0.9255014,0.06580625,0.008692307,Negative,0.9255014,Negative,Negative,False
দারুন মজার তরকারি হাঁসের মাংস,Positive,0.0049866866,0.012066344,0.982947,Positive,0.982947,Positive,Positive,False
এমন সার্ভিস দেওয়া অনেক প্রতিষ্ঠান ফেসবুকে আছে,Neutral,0.016378066,0.87699217,0.10662977,Neutral,0.87699217,Neutral,Neutral,False
সার্ভিস ঠিকঠাক ছিল,Neutral,0.013962684,0.8783023,0.107734956,Neutral,0.8783023,Positive,Neutral,False
এই মুড়ি খায় কোন পাগলে,Negative,0.8846585,0.1073458,0.007995737,Negative,0.8846585,Negative,Negative,False
মানুষের খাই আর কাম নাই হাস বাচার আর কাটার কাজ করবো তুর হাস বাচতে আর কাটতে পারলে সে নিজে এ তো দোকান দিতে পারে তুমার কাজ করতো কা,Neutral,0.06606713,0.87879604,0.055136852,Neutral,0.87879604,Negative,Neutral,False
যারা বেকার বেকার করে তাদের জন্য এই ভিডিও,Neutral,0.025945442,0.6005512,0.37350336,Neutral,0.6005512,Negative,Negative,True
প্রাইস ২৫ হাজার হলে ঠিক ছিল,Neutral,0.027708763,0.8952805,0.07701069,Neutral,0.8952805,Neutral,Neutral,False
ঠিকানাটা ভালো করে দেন,Neutral,0.026888667,0.95850253,0.014608833,Neutral,0.95850253,Neutral,Neutral,False
দেখলেই খেতে ইচ্ছে করে,Positive,0.0047827936,0.015781458,0.9794358,Positive,0.9794358,Positive,Positive,False
ব্যবহার করে সন্তুষ্ট,Positive,0.004912238,0.020238573,0.97484916,Positive,0.97484916,Positive,Positive,False
এই খাবার মনে থাকবে অনেকদিন,Positive,0.004869493,0.016920632,0.9782098,Positive,0.9782098,Positive,Positive,False
আমার রে ভাই একটা নভা ৭ মোবাইল ইবনে সিনা থেকে নিছে,Negative,0.34655464,0.63541126,0.018034095,Neutral,0.63541126,Neutral,Neutral,True
সবজি গড়পড়তা,Neutral,0.019161182,0.5911591,0.38967976,Neutral,0.5911591,Negative,Negative,True
তাই তোমাদের শূকর বলে,Negative,0.8744836,0.11613032,0.00938601,Negative,0.8744836,Negative,Negative,False
পারফিউম বেশিক্ষণ টেকে না,Negative,0.9535957,0.038080707,0.008323606,Negative,0.9535957,Negative,Negative,False
আমাদের এখানেতো ৭৫০টাকা কেজি কাচা মাংস,Neutral,0.02628304,0.87969095,0.094026014,Neutral,0.87969095,Neutral,Neutral,False
অনেকে এই ব্যক্তির শরীরের ঘাম কাশি ধুলাবালি কত কিছু নিয়ে কথা বলতেছেন আপনাদেরকে উদ্দেশ্য করে বলি আপনারা যে মেয়েরা লেপটিন থেকে বের হয়ে রান্না করেন তখন হাতে কি লেগে থাকে সেটা আগে ভাবছেন আপনারা যে এই বিষয়টা এত গুরুত্ব সহকারে বলতেছেন আপনাদের মাথায় কিছু নাই আশা করি বুঝতে পারছেন,Negative,0.6116037,0.37148848,0.016907882,Negative,0.6116037,Negative,Negative,True
মদনপুর থেকে কিভাবে সহজে যাওয়া যাই ওখানে,Neutral,0.007016844,0.9714787,0.021504376,Neutral,0.9714787,Neutral,Neutral,False
দারুণ গাড়িগুলো,Positive,0.0041155387,0.012404999,0.9834795,Positive,0.9834795,Positive,Positive,False
বিয়ে বাড়ির মানুষের খাওয়া উচ্ছিষ্ট অংশ এগুলা গুলশান বনানীর মানুষ বিএমডব্লিউ থুক্কু ডিএমডব্লিউ মার্সিডিজ গাড়ি থামিয়ে এই বাল থু,Negative,0.93788296,0.05427188,0.007845177,Negative,0.93788296,Negative,Negative,False
এই সেই জাইগা খারুুল কাকার রেস্টুরেন্ট,Neutral,0.011060032,0.8702476,0.118692435,Neutral,0.8702476,Neutral,Neutral,False
কি দুনিয়া আসলো খাবার জিনিস নিয়ে কি ফিকা ফিকি করতেছে আজব,Negative,0.8545678,0.13302729,0.012404923,Negative,0.8545678,Negative,Negative,False
নিজে গিয়ে ঠকেছি এক জিনিস দেখায় আরেকটা দেয়,Negative,0.9682076,0.024852356,0.0069400277,Negative,0.9682076,Negative,Negative,False
অনেক সুন্দর রেসিপি দেখলেই মন ভরে যায়,Positive,0.005368605,0.011533078,0.9830983,Positive,0.9830983,Positive,Positive,False
৩০ টাকায় তোমারে মরা মুরগি ছাড়াতাজা মুরগি জবো করে খাওয়াবে মানুষ সস্তা পাইলে মাথায় আর হুশ থাকে না তুই খাচ্ছিস তুই খা ক্যানভাসারি করিস না,Negative,0.62528545,0.3450748,0.02963971,Negative,0.62528545,Negative,Negative,True
স্যাম ভাই হাজারের মধ্যে ভালো ফোন কোনটি হবে রিয়ালমি নারজো নাথিং ফোন সিএম এফ ফোন টু প্রো কোনটা ভালো হবে একটা রিভিউ দেন,Neutral,0.023361329,0.96440935,0.0122293765,Neutral,0.96440935,Neutral,Neutral,False
নিচে একটা সো আছে,Negative,0.031082047,0.9541846,0.014733379,Neutral,0.9541846,Neutral,Neutral,False
ডেলিভারি ঠিক সময়ে এসেছে,Positive,0.008406249,0.037571706,0.95402205,Positive,0.95402205,Positive,Positive,False
আমি যদি একটা ক্যামেরা কিনি এখান থেকে ক্যামেরাটা কি ভালো হবে,Neutral,0.026032459,0.9622147,0.011752794,Neutral,0.9622147,Neutral,Neutral,False
ছি ছি,Negative,0.9632294,0.027794985,0.008975545,Negative,0.9632294,Negative,Negative,False
ব্যবসা কর হোয়াটসঅ্যাপ বিল্লাল হওয়ার চেষ্টা করো না,Negative,0.47254044,0.4587617,0.06869783,Negative,0.47254044,Negative,Negative,True
আমি মূলত টেক্সট নাও একাউন্টের কাজ করছিলাম আমার এক আত্মীয় এই কাজটি দিয়েছিল সেই একটা ভায়ার সাথে কাজ করতো আমি অ্যাকাউন্ট খুলে তাকে পাসওয়ার্ড এবং মোবাইল নাম্বার দিতাম এর মাধ্যমে মূলত আমাকে প্রতি পিস একাউন্টে পাঁচ টাকা থেকে সাড়ে পাঁচ টাকা এরকম টাকা দিত এখন সে বলছে কাজ অফ রাখতে একাউন্ট সেল হচ্ছেনা আপনার কি জানা আছে কোথায় কিভাবে বিক্রি করে আর বায়ার পাব কোথায় আমাকে একটু এ বিষয়ে সম্পূর্ণ জানাবেন দয়া করে অনুরোধ রইলো,Neutral,0.016163964,0.9392724,0.044563662,Neutral,0.9392724,Neutral,Neutral,False
উনি ব্যাবসা করে আয় রোজগার করছেন সংসারে দুটো সন্তান আছে তাদের ভবিষ্যত আছে পড়ালেখা করে প্রতিস্ঠিত হতে টাকার প্রয়োজন উনার বিরু,Positive,0.007440913,0.06775709,0.924802,Positive,0.924802,Neutral,Positive,False
নম্বর কমেন্ট,Neutral,0.017016334,0.923194,0.05978969,Neutral,0.923194,Neutral,Neutral,False
এইভাবে বানাইলে সাত বাড়ে,Positive,0.0056204754,0.03306696,0.9613126,Positive,0.9613126,Neutral,Positive,False
স্যুপ খেতে হলে ভাই ভাবির দোকানে আই,Positive,0.0044220868,0.034696016,0.96088195,Positive,0.96088195,Neutral,Positive,False
ঠিক কাজ অনেক সুন্দর ফুলের ছবি,Positive,0.0046485434,0.0123502435,0.98300123,Positive,0.98300123,Positive,Positive,False
ওয়াও চমৎকার একটা খাবারের তালি,Positive,0.005343794,0.014623735,0.9800325,Positive,0.9800325,Positive,Positive,False
আমার এসব দেখলে বমি আসে খাওয়া তো দূরের কথা,Negative,0.94418204,0.04316926,0.012648698,Negative,0.94418204,Negative,Negative,False
এ জায়গাটা কোথায়,Neutral,0.5374194,0.4292544,0.033326168,Negative,0.5374194,Neutral,Neutral,True
ভয়ংকর ফাঁদ,Negative,0.9505944,0.04257689,0.0068286094,Negative,0.9505944,Negative,Negative,False
এই খাবার খেয়ে দুটা শিশু মারা গিয়েছে,Negative,0.9650351,0.027521523,0.007443414,Negative,0.9650351,Negative,Negative,False
আপনি টেস্টি বোঝেন না,Negative,0.9412639,0.051752005,0.0069840807,Negative,0.9412639,Negative,Negative,False
বাজানো জিনিস ছাঁকে কেমনে,Neutral,0.71433175,0.27368125,0.011987026,Negative,0.71433175,Neutral,Neutral,True
ঠিকানা কোথায় আপনার,Neutral,0.009647846,0.9739646,0.016387556,Neutral,0.9739646,Neutral,Neutral,False
কয়দিন ব্যবহার করতে হবে,Neutral,0.004508016,0.050619297,0.9448727,Positive,0.9448727,Neutral,Positive,False
বাঁকুড়া জেলা থেকে কিভাবে কিনবো,Neutral,0.0125619555,0.9752735,0.0121645965,Neutral,0.9752735,Neutral,Neutral,False
ভুলেও কেউ আবেগে পড়ে নিবেন না,Negative,0.9182802,0.06898894,0.0127308685,Negative,0.9182802,Neutral,Negative,False
বাই পেছের গরুটা,Neutral,0.05288376,0.87464625,0.07246993,Neutral,0.87464625,Neutral,Neutral,False
এখানে তো যাওয়া ই যায়,Positive,0.13748492,0.8120156,0.050499532,Neutral,0.8120156,Neutral,Neutral,False
মা শা আল্লাহ তাবারাকাল্লাহ অনেক দোয়া রইলো,Positive,0.005465632,0.03399336,0.96054095,Positive,0.96054095,Positive,Positive,False
ভালো রিভিউ খুব একটা পাইলাম না,Negative,0.80142903,0.18116863,0.017402291,Negative,0.80142903,Negative,Negative,False
মামুন ভাই রাইন্দা ভাইরাস আপনার একলা একলা খাবেন এটা ঠিক আমাদেরকে দাওয়াত টা দিয়েন,Neutral,0.08875794,0.8901649,0.021077124,Neutral,0.8901649,Negative,Neutral,False
অডার করার সুযোগ আছে,Neutral,0.008335464,0.96587825,0.025786275,Neutral,0.96587825,Neutral,Neutral,False
অনেক মজা করে খাচ্চো,Positive,0.004808113,0.012601967,0.9825899,Positive,0.9825899,Positive,Positive,False
বাহ ১ পিছ ৮০০৷টাকা হায়রে পাব্লিক,Negative,0.005217759,0.024143592,0.9706387,Positive,0.9706387,Positive,Positive,False
দর্জির কাছে প্যান্টশার্ট চাপানোর ভিডিও দিন,Neutral,0.009707703,0.9694622,0.020830119,Neutral,0.9694622,Neutral,Neutral,False
খুব মজার ভর্তা,Positive,0.0045763,0.011165471,0.9842582,Positive,0.9842582,Positive,Positive,False
৫০ হাজার টাকার মধ্যে ভিডিও এডিটিং এর একটা পিসি সাজেস্ট করুন,Neutral,0.00780795,0.9640382,0.028153937,Neutral,0.9640382,Neutral,Neutral,False
পণ্য কি কিভাবে করতে হবে সেই সমন্ধে বিস্তারিত ভিডিও দেন,Neutral,0.008028576,0.93961906,0.052352395,Neutral,0.93961906,Neutral,Neutral,False
আপনার ভিডিও ব্যবহার করে আমরা ঠকছি এটা বন্ধের উপায়,Negative,0.9638484,0.028017616,0.008134015,Negative,0.9638484,Negative,Negative,False
ঔঔঔঔঔ নন,Neutral,0.22728449,0.74374473,0.028970795,Neutral,0.74374473,Neutral,Neutral,False
আপু আমার ছোট্ট পরিবারের পাশে থাকেন আর সাপোর্ট করেন,Neutral,0.0046508056,0.025137672,0.9702115,Positive,0.9702115,Positive,Positive,False
এগুলা মানুষ খাবার খায় এগুলা খাবার খাইয়া তো মানুষ একদিনে মরে যাওয়ার,Negative,0.86090785,0.12295901,0.016133105,Negative,0.86090785,Negative,Negative,True
মূল ব্যবসা রুপ সুন্দর দেখিয়ে বিউ পাওয়া,Neutral,0.048757926,0.8723872,0.0788549,Neutral,0.8723872,Neutral,Neutral,False
ভাই কত,Neutral,0.011277391,0.97545946,0.013263116,Neutral,0.97545946,Neutral,Neutral,False
এই দোকান কোন জেলায়,Neutral,0.029890353,0.9598971,0.010212479,Neutral,0.9598971,Neutral,Neutral,False
কি যে অবস্থা চলছে,Negative,0.84587204,0.13458285,0.01954511,Negative,0.84587204,Negative,Negative,False
খুব সুন্দর আপুএগিয়ে যান,Positive,0.005187632,0.01305783,0.9817546,Positive,0.9817546,Positive,Positive,False
পচা মাল দেয় ভালো ব্র্যান্ডের দাম দেখায় না,Negative,0.9089162,0.056892823,0.034191024,Negative,0.9089162,Negative,Negative,False
ভাইয়া ঠিকানা টা দেন ওনার,Neutral,0.009889593,0.97711754,0.012992801,Neutral,0.97711754,Neutral,Neutral,False
আহা ভর্তা দেখে খুদা লেগে গেছে,Positive,0.0061182296,0.014086953,0.9797948,Positive,0.9797948,Positive,Positive,False
আলাদা এক পিজ বিক্রি করেন,Neutral,0.021075254,0.91180056,0.06712423,Neutral,0.91180056,Neutral,Neutral,False
আপনি আমাকে চাকরি দেন,Neutral,0.007563221,0.93406636,0.05837049,Neutral,0.93406636,Positive,Neutral,False
একনি সাবান কত টাকা পিস,Neutral,0.009967642,0.976843,0.013189286,Neutral,0.976843,Neutral,Neutral,False
অনেকদিন পর ভিডিও মিস করি,Positive,0.015406208,0.100115746,0.88447803,Positive,0.88447803,Negative,Positive,False
খাবার খুব অস্বাস্থ্যকর ভাবে হচ্ছে বিশেষ করে ভারতের আর পাকিস্তান এন্ড বাংলাদেশে সরকার এদের এগেইনস্ট এ কোনো ব্যবস্থা নেই না,Negative,0.94774985,0.043958165,0.008291948,Negative,0.94774985,Negative,Negative,False
সঠিক অনেক মজাদার ঘরোয়া খাবার,Positive,0.0057760184,0.013721263,0.9805028,Positive,0.9805028,Positive,Positive,False
পারফিউমটা খুব হালকা,Neutral,0.08241566,0.7538874,0.16369696,Neutral,0.7538874,Positive,Positive,True
একটি টেবিলের ছবি পাটাও,Neutral,0.04918265,0.930473,0.020344365,Neutral,0.930473,Neutral,Neutral,False
দোস হলো সাধারণ মানুষ এর তারা এসব খায় কেনো,Negative,0.036917336,0.9104115,0.052671168,Neutral,0.9104115,Negative,Neutral,False
আমি মনে করি ৪০৫০ বানালো সেটা বড়ো কথা নয় বড়ো কথা হলো খাবারের মান কেমন সেদিকে খেয়াল করা উচিত,Neutral,0.05927119,0.79767275,0.14305608,Neutral,0.79767275,Neutral,Neutral,False
ভাই এরে বলে হাতদ গ্লোভস পরতে নাইলে চামচ ইউজ করতে এসব ভিডিও পৃথিবীর মানুষ দেখে খুব বিশ্রি ভাবে সে খাবার হাতায়,Negative,0.8906202,0.099239856,0.0101400055,Negative,0.8906202,Negative,Negative,False
টোটকা ডাক্তারি করা লাগে,Negative,0.0116447965,0.972879,0.01547623,Neutral,0.972879,Negative,Neutral,False
লম্বা মিটা আগে খাইছি অনেক,Neutral,0.008656138,0.11498918,0.8763547,Positive,0.8763547,Neutral,Positive,False
ভাইয়া আপনার বাড়ি কি চট্টগ্রামে,Neutral,0.0108091,0.975391,0.013799976,Neutral,0.975391,Neutral,Neutral,False
মানুষ নাকি পশুর খাবার,Negative,0.9270899,0.06488396,0.008026164,Negative,0.9270899,Negative,Negative,False
আমার ছেলে বয়স অনুযায়ী লম্বা হচ্ছে না,Neutral,0.88437515,0.105386294,0.010238531,Negative,0.88437515,Negative,Negative,False
ওয়াও খুব সুন্দর জিনিস,Positive,0.004534151,0.012268154,0.9831976,Positive,0.9831976,Positive,Positive,False
খুব খারাপ খাবার,Negative,0.97159666,0.01965679,0.008746471,Negative,0.97159666,Negative,Negative,False
ওর চেহারায় হাসির পেছনে হয়তো প্রতারণা থাকতে পারে যাচাই করা দরকার বিষয়টি এরা কোন বেকারি থেকে এসব নিতে পারে সেটা প্রকাশ করুক এবং ভালো সেল করুক কিন্তু প্রতারণার আশ্রয় নিয়ে বিক্রি নয়,Positive,0.5215158,0.45122343,0.027260792,Negative,0.5215158,Negative,Negative,True
অসাধারণ হয়েছে রান্না,Positive,0.004784455,0.01224337,0.9829722,Positive,0.9829722,Positive,Positive,False
একদম নোংরা,Negative,0.9686562,0.02174867,0.009595235,Negative,0.9686562,Negative,Negative,False
আপনাদের ভালো লাগলে খান না লাগলে খাবেন না আর এটা কোন নিউজ করার মতন বিষয় হলো আজম মিডিয়া,Positive,0.0181669,0.6784525,0.3033806,Neutral,0.6784525,Negative,Negative,True
দোকান কোথায় আপনার,Neutral,0.011436683,0.9764172,0.012146175,Neutral,0.9764172,Neutral,Neutral,False
হাঁস টা ভালো ভাবে পরিষ্কার হয়নি,Negative,0.004799242,0.013414045,0.9817868,Positive,0.9817868,Negative,Positive,False
আপনার জাতীয় ফোন কয়টা,Neutral,0.40334854,0.5422702,0.054381255,Neutral,0.5422702,Neutral,Neutral,True
লোকেশন টা দিবেন,Neutral,0.009865897,0.97527,0.014864108,Neutral,0.97527,Neutral,Neutral,False
দামে সস্তা আর গুণে ভরপুর,Positive,0.00851646,0.054527707,0.93695587,Positive,0.93695587,Positive,Positive,False
আল্লাহ তুমি তাকে সুস্থতা দান করুন এবং নেক হায়াত দান করুন,Positive,0.005980123,0.029050428,0.96496946,Positive,0.96496946,Positive,Positive,False
ভান্ডারে হলে এমন মজা দেয়,Neutral,0.0069451253,0.040416315,0.9526385,Positive,0.9526385,Positive,Positive,False
ভাই মনে হচ্ছে কুকুর কে রুটি দিচ্ছে,Negative,0.9429404,0.049641,0.0074186856,Negative,0.9429404,Neutral,Negative,False
লোভনীয় লাগছে,Positive,0.004323676,0.012132486,0.9835438,Positive,0.9835438,Positive,Positive,False
এটা কোনো কথা,Negative,0.16993779,0.8080868,0.02197545,Neutral,0.8080868,Neutral,Neutral,False
এই পারফিউম দৈনন্দিন ব্যবহারের জন্য ভালো,Positive,0.0048058056,0.021767387,0.9734268,Positive,0.9734268,Positive,Positive,False
ধন্যবাদ পাক্টিক্যালভাবে দেখানোর জন্য,Positive,0.004377358,0.01871986,0.97690284,Positive,0.97690284,Positive,Positive,False
বিয়ের বাড়ির খাবার চুরি,Negative,0.9364694,0.05200876,0.0115218405,Negative,0.9364694,Negative,Negative,False
জায়গাটা কোথায়,Neutral,0.63734967,0.30568075,0.05696949,Negative,0.63734967,Neutral,Neutral,True
এ কে না,Neutral,0.075647816,0.9056956,0.018656569,Neutral,0.9056956,Neutral,Neutral,False
এতক্ষণ চাল ভিজিয়ে রাখলে নরম হয়ে যাবেনা,Negative,0.9187778,0.07306899,0.008153229,Negative,0.9187778,Negative,Negative,False
দারুণ হয়েছে,Positive,0.004445166,0.013541148,0.98201364,Positive,0.98201364,Positive,Positive,False
আরেকজনকে প্রমোট করলো হুদাই ফাউল ভিডিও,Negative,0.9631624,0.02944155,0.0073959716,Negative,0.9631624,Negative,Negative,False
আমি এক বাটি নিব গরু,Positive,0.012154737,0.62470376,0.3631416,Neutral,0.62470376,Neutral,Neutral,True
চোপ খেতে আসবো একদিন ভাই ভাই আসবো,Positive,0.007181242,0.16821143,0.8246073,Positive,0.8246073,Positive,Positive,True
দারুন আর আমি,Positive,0.0061337,0.016034257,0.9778321,Positive,0.9778321,Positive,Positive,False
ভাই মাসা আল্লাহ,Positive,0.013283013,0.17519867,0.8115183,Positive,0.8115183,Positive,Positive,False
শরীর দেখায় ভিউ ব্যবসা,Negative,0.8741609,0.116297714,0.009541394,Negative,0.8741609,Neutral,Negative,False
আমার বিয়েতে এখান থেকে কিছু গিফট করিও কি সুন্দর সব,Positive,0.0050048362,0.02029089,0.97470427,Positive,0.97470427,Positive,Positive,False
আরেকজনের টিন সার্টিফিকেট দিয়ে ফেসবুক মনিটাইজেশন করলে হবে কি না বলবেন প্লিজ ভাই,Neutral,0.01475684,0.97360736,0.0116357915,Neutral,0.97360736,Neutral,Neutral,False
এদের কে আইনের আওতায় আনা হক,Negative,0.94776165,0.042021576,0.010216774,Negative,0.94776165,Negative,Negative,False
এখানে পিঠে খেতে হলে নিজেকেও বানাতে হবে,Neutral,0.009284924,0.22745611,0.763259,Positive,0.763259,Negative,Negative,True
বাড়িতে করা যাবে এই ব্যবসা কত টাকা ইনভেস্ট লাগবে,Neutral,0.0067592543,0.9471663,0.046074398,Neutral,0.9471663,Neutral,Neutral,False
এটা ঝালমুড়ি না ঘামমুড়িএই দেশে চলবে,Negative,0.8393777,0.1477798,0.012842489,Negative,0.8393777,Negative,Negative,True
খাবার নষ্ট করা হচ্ছে এবং অস্বাস্থ্যকরভাবে পরিবেশন করা হচ্ছে,Negative,0.9679391,0.021824747,0.010236259,Negative,0.9679391,Negative,Negative,False
সেই মজার রেসিপি,Positive,0.004824184,0.015097856,0.980078,Positive,0.980078,Positive,Positive,False
লাস্ট লাইন,Positive,0.027660716,0.94777817,0.024561124,Neutral,0.94777817,Neutral,Neutral,False
৩০০ টাকা দিয়ে এই কাচ্চি না খেয়ে কাচ্চি ভাই থেকে কাচ্চি খাওয়া অনেক ভালো,Positive,0.17415869,0.34567788,0.48016346,Positive,0.48016346,Positive,Positive,True
হোপচাপা কম মারেন মীঞা,Neutral,0.19998786,0.77133435,0.028677765,Neutral,0.77133435,Negative,Negative,True
একেবারে খারাপ খাবার,Negative,0.9702753,0.020312827,0.009411973,Negative,0.9702753,Negative,Negative,False
গরিবের ফুড ব্লগার,Neutral,0.027698081,0.261368,0.7109339,Positive,0.7109339,Negative,Negative,True
যারা জীবনে কেক খায় নাই তারাই যায় চাপাবাজের কেক খাইতে,Neutral,0.8280445,0.15828595,0.013669524,Negative,0.8280445,Neutral,Negative,False
পণ্য দেখে সন্তুষ্ট,Positive,0.004631698,0.019729277,0.97563905,Positive,0.97563905,Positive,Positive,False
খুবই খুবই অসাধারণ ভিডিও,Positive,0.0049912613,0.011793185,0.9832155,Positive,0.9832155,Positive,Positive,False
বাহ খুব সুন্দর রেসিপি খুবই ভালো লাগলো ভিডিওটা আর খেতে কেমন লাগে তা তো জানিনা,Neutral,0.0046254587,0.028414728,0.9669598,Positive,0.9669598,Positive,Positive,False
কাকড়া গুলো কিন্তু রান্না অনেক লবণেও দেখা যাইতেছে সত্যি পড়াশোনা পাশাপাশি যদি এরকম বিজনেস করে তাহলে অনেক ভালো আমি দোয়া করি আপু আপনার জন্য,Positive,0.0057333405,0.028822945,0.9654437,Positive,0.9654437,Positive,Positive,False
তিসি দানা টা আবার কি,Neutral,0.011377204,0.9774481,0.011174752,Neutral,0.9774481,Neutral,Neutral,False
এসব ভিডিও না দেখে সরাসরি নিজে যাইয়া অরজিনাল মাল কিনুন,Positive,0.087519936,0.5243215,0.3881585,Neutral,0.5243215,Positive,Positive,True
মাএ খেয়ে আসলাম এই এত কিছু দেখে তো আবার খিদে পেয়ে গেলো,Positive,0.06254453,0.46294454,0.47451085,Positive,0.47451085,Neutral,Neutral,True
কিভাবে সম্ভব ৮০০ টাকা কেজি টাকা করে যেখানে কাচা মাংস ৭০০ টাকা কেজি সেইখানে নিজে গরু কিনে যবাই করে কেটে আবার নানা রকমের মশলা কিনে রান্না করে আবার পার্সেল বক্সে তারপর বিক্রি করে ৮০০ টাকা কেজি এটা আসলেই অসাধারণ মাশাআল্লাহ,Positive,0.009274834,0.12520623,0.8655189,Positive,0.8655189,Positive,Positive,False
বন্ধুদের সাথে খাওয়ার জন্য একেবারে উপযুক্ত,Positive,0.0051445467,0.015034427,0.97982097,Positive,0.97982097,Positive,Positive,False
যেখানে ১ কেজি কাচা মাংস ৮০০ টাকায় পাওয়া যাচ্ছে না আর উনি রান্না করা মাংস এতো কম দামে খাওয়াচ্ছেন আল্লাহ উনার ব্যাবসায় বরকত দান করুন,Positive,0.029027466,0.21033211,0.76064044,Positive,0.76064044,Positive,Positive,True
কবে বসে,Neutral,0.024485717,0.9650876,0.010426679,Neutral,0.9650876,Neutral,Neutral,False
বগুড়া যে রাষ্ট্র আজকে প্রথম জানলাম এই চাপাবাজ চাচার থেকে,Negative,0.42611578,0.55419606,0.019688196,Neutral,0.55419606,Negative,Negative,True
মানুষ আরব দেশে থেকেও পছন্দ করে না তেমন খায় না আর আমাদের দেশের মানুষ নাম শুনলেই পাগোল হয়ে যায়,Negative,0.24528,0.6628169,0.09190312,Neutral,0.6628169,Negative,Negative,True
কি সুন্দর পরিবেশ আর ভাইর শরীর থেকে স্পেশাল বিট লবণ পরতেছে সেই স্বাদ,Positive,0.00552387,0.01345819,0.98101795,Positive,0.98101795,Positive,Positive,False
এগুলো পাইকারি মার্কেটডিলার পয়েন্ট তাই দাম কম চোর বাজার না,Positive,0.010957864,0.12757441,0.8614677,Positive,0.8614677,Positive,Positive,False
এটা কি,Neutral,0.011490978,0.97641605,0.012092965,Neutral,0.97641605,Neutral,Neutral,False
পরিশ্রম করলে কখনো বিফল হয় না,Positive,0.007286954,0.03329859,0.9594145,Positive,0.9594145,Positive,Positive,False
ওর মুখের থুতু আসতেছে সবাই থুতু খাচ্ছে ওরে কথা বলতে মানা করেন এমনি বানাইতে বলেন,Negative,0.94807357,0.04469259,0.007233801,Negative,0.94807357,Negative,Negative,False
রান্না টা দারুণ হয়েছে,Positive,0.00454702,0.012033104,0.9834199,Positive,0.9834199,Positive,Positive,False
এই খাবারটা খেয়ে মেজাজ ভালো হয়ে গেলো,Positive,0.0060808053,0.015610283,0.978309,Positive,0.978309,Positive,Positive,False
কোন কাজই ছোট না,Neutral,0.009310313,0.06507388,0.9256158,Positive,0.9256158,Positive,Positive,False
ফালতু ভিডিও,Negative,0.96667516,0.02314627,0.010178547,Negative,0.96667516,Negative,Negative,False
গরম খুব বেশি হয়,Negative,0.9594989,0.03206546,0.008435566,Negative,0.9594989,Negative,Negative,False
মাল্টি পালগটার কথাই বুঝেন ৪৫ টাকার মাল্টি দিয়ে কি চালাবেন ৫ বছর গ্যারান্টি,Negative,0.85373676,0.1367594,0.009503946,Negative,0.85373676,Negative,Negative,True
ম্যাক্সানের জন্য ম্যাক্স মুভির নায়কের সান গ্লাস,Positive,0.03154028,0.8835328,0.08492687,Neutral,0.8835328,Neutral,Neutral,False
বাহ খালা যেই ছক্কা মারে আমি তো ক্যাচে দুর্বল ক্যাচ ধরতে না পারলে কি হবে জানাবেন আর ঠিকানাটা কোথায় কাইন্ডলি জানাবেন,Neutral,0.049384046,0.93620044,0.014415552,Neutral,0.93620044,Neutral,Neutral,False
বাটপার দোকানদার সব দুই নাম্বার মাল আমি একবার এনেছিলাম,Negative,0.96822697,0.024297686,0.0074754013,Negative,0.96822697,Negative,Negative,False
ভালো হইছে দেখতেই মনে হয়,Positive,0.00820133,0.017551053,0.97424763,Positive,0.97424763,Positive,Positive,False
এগুলো তো মাস্টার কপি আর গুলিস্তানে এর দাম ৩ হাজার,Negative,0.30887902,0.66803026,0.023090664,Neutral,0.66803026,Neutral,Neutral,True
খাওয়ার পর মেজাজ ভালো হয়ে গেলো,Positive,0.0054442044,0.013507679,0.9810481,Positive,0.9810481,Positive,Positive,False
ভিডিও করবেন তো ঠিক আছে আবার আরেকজনের বদনামির কী আছে,Neutral,0.10604274,0.854751,0.039206218,Neutral,0.854751,Neutral,Neutral,False
ওনারে নিয়া কেন পড়ছেন ভাই কলার দোকানে যাইতে পারেন না যেখানে মিনিটেই কাঁচা কলা পাকা করা হয় নিজের চোখে দেখেন তারপর ও তো ঐ কলা নামক বিষ কিনে খান,Neutral,0.7611081,0.22334172,0.015550165,Negative,0.7611081,Negative,Negative,True
এইজন্য কষ্ট হলেও ঘরে বানিয়ে খাই,Positive,0.0077420194,0.043816194,0.94844174,Positive,0.94844174,Positive,Positive,False
যেদিন সুখন এর মতো ইন্ডাস্ট্রি ধ্বংসকারী লোকের সাথে দেখছি উনারে ওইদিনই মনে হইছে যে কিছু একটা ঘাপলা আছে,Neutral,0.7054515,0.26703516,0.027513416,Negative,0.7054515,Negative,Negative,True
অন্যদের পিছে লাথি মারা ভাইরাল টপিক দিয়ে ভিউ কামানো যায় সম্মান না,Negative,0.86156,0.12810612,0.010333849,Negative,0.86156,Negative,Negative,True
